POP100,GEOID,CENTLAT,AREAWATER,STATE,BASENAME,OID,LSADC,FUNCSTAT,INTPTLAT,NAME,OBJECTID,TRACT,CENTLON,HU100,AREALAND,INTPTLON,MTFCC,UR,COUNTY,error,lat,lng
4462.0,25027705102,+42.5939419,650349.0,25,7051.02,2079015614089726,CT,S,+42.5925071,Census Tract 7051.02,24087.0,705102,-072.0840437,1746.0,42155933.0,-072.0824243,G5020,M,027,,,
2457.0,47075930500,+35.4614002,499664.0,47,9305,20790155651772,CT,S,+35.4598267,Census Tract 9305,84868.0,930500,-089.3110647,1225.0,404208714.0,-089.3109332,G5020,R,075,,,
5276.0,25007200400,+41.3911441,145188936.0,25,2004,20790518352709,CT,S,+41.4195463,Census Tract 2004,76240.0,200400,-070.7521517,4641.0,162087373.0,-070.6500469,G5020,R,007,,,
4344.0,36009960300,+42.4245381,1603556.0,36,9603,20790493913888,CT,S,+42.4350761,Census Tract 9603,56135.0,960300,-078.6952412,2355.0,371729273.0,-078.7020241,G5020,R,009,,,
3791.0,49035113545,+40.6670239,0.0,49,1135.45,2079019640556845,CT,S,+40.6670239,Census Tract 1135.45,7627.0,113545,-112.0590181,916.0,15257230.0,-112.0590181,G5020,M,035,,,
4968.0,06065043319,+33.6971582,0.0,06,433.19,2079015504237862,CT,S,+33.6971582,Census Tract 433.19,38937.0,043319,-117.0183039,1287.0,25192117.0,-117.0183039,G5020,M,065,,,
6725.0,06085507301,+37.2588676,0.0,06,5073.01,20790154319539,CT,S,+37.2588676,Census Tract 5073.01,40214.0,507301,-122.0079378,2572.0,8439990.0,-122.0079378,G5020,U,085,,,
4344.0,36009960300,+42.4245381,1603556.0,36,9603,20790493913888,CT,S,+42.4350761,Census Tract 9603,56135.0,960300,-078.6952412,2355.0,371729273.0,-078.7020241,G5020,R,009,,,
4344.0,36009960300,+42.4245381,1603556.0,36,9603,20790493913888,CT,S,+42.4350761,Census Tract 9603,56135.0,960300,-078.6952412,2355.0,371729273.0,-078.7020241,G5020,R,009,,,
8696.0,06113010501,+38.5369244,0.0,06,105.01,20790695860829,CT,S,+38.5369244,Census Tract 105.01,55899.0,010501,-121.7848197,1682.0,13594500.0,-121.7848197,G5020,M,113,,,
8696.0,06113010501,+38.5369244,0.0,06,105.01,20790695860829,CT,S,+38.5369244,Census Tract 105.01,55899.0,010501,-121.7848197,1682.0,13594500.0,-121.7848197,G5020,M,113,,,
5112.0,27019091201,+44.7607651,2943016.0,27,912.01,20790206509296,CT,S,+44.7589316,Census Tract 912.01,35747.0,091201,-093.9492655,2136.0,90181857.0,-093.9403722,G5020,R,019,,,
5763.0,25005613902,+41.8750643,245850.0,25,6139.02,207903711031030,CT,S,+41.8727942,Census Tract 6139.02,80267.0,613902,-071.1120598,2338.0,8045314.0,-071.1136635,G5020,U,005,,,
5277.0,48389950600,+31.3225401,17396672.0,48,9506,2079015503868123,CT,S,+31.3083660,Census Tract 9506,4374.0,950600,-103.6931102,1112.0,6812006616.0,-103.7127060,G5020,M,389,,,
5193.0,17089852903,+41.7910464,29012.0,17,8529.03,20790597773777,CT,S,+41.7923582,Census Tract 8529.03,4126.0,852903,-088.2722461,2435.0,7312631.0,-088.2725304,G5020,U,089,,,
3838.0,48241950701,+30.3223143,3181130.0,48,9507.01,2079015503657771,CT,S,+30.3218722,Census Tract 9507.01,25917.0,950701,-093.9910275,1650.0,344503029.0,-094.0026072,G5020,M,241,,,
2247.0,53053060200,+47.2660054,9249345.0,53,602,207901446675982,CT,S,+47.2668489,Census Tract 602,78678.0,060200,-122.4086309,912.0,15666963.0,-122.4078355,G5020,U,053,,,
4162.0,01091973400,+32.4079850,5112675.0,01,9734,2079075862103,CT,S,+32.4063445,Census Tract 9734,79022.0,973400,-087.9181575,1955.0,342668663.0,-087.9269242,G5020,M,091,,,
1945.0,12005001000,+30.1431962,1679024.0,12,10,2079081944855,CT,S,+30.1395499,Census Tract 10,49899.0,001000,-085.6172803,890.0,3856584.0,-085.6192985,G5020,U,005,,,
3886.0,13175951001,+32.4804170,5400643.0,13,9510.01,2079015493373441,CT,S,+32.4760270,Census Tract 9510.01,32162.0,951001,-082.7564217,1735.0,290436440.0,-082.7585746,G5020,M,175,,,
3509.0,51101950300,+37.5589704,5062447.0,51,9503,20790478937110,CT,S,+37.5584060,Census Tract 9503,55827.0,950300,-076.8061974,1505.0,18939812.0,-076.8049082,G5020,R,101,,,
2753.0,20155001300,+38.0251547,990230.0,20,13,20790163551009,CT,S,+38.0218703,Census Tract 13,40906.0,001300,-097.9644404,1395.0,42350770.0,-097.9659964,G5020,M,155,,,
5034.0,13305970300,+31.6009363,295893.0,13,9703,20790428632867,CT,S,+31.5987026,Census Tract 9703,42293.0,970300,-081.9439613,2248.0,64358062.0,-081.9463200,G5020,M,305,,,
4255.0,25027742300,+42.2671759,43118.0,25,7423,20790515417586,CT,S,+42.2674406,Census Tract 7423,52319.0,742300,-071.6168463,1883.0,4890154.0,-071.6174916,G5020,U,027,,,
2311.0,27033270200,+44.1084732,2264164.0,27,2702,20790188927653,CT,S,+44.1006698,Census Tract 2702,42625.0,270200,-095.2813840,1168.0,558140819.0,-095.2854152,G5020,R,033,,,
4537.0,23005002901,+43.6582703,10243.0,23,29.01,2079015665443840,CT,S,+43.6548736,Census Tract 29.01,33486.0,002901,-070.3642615,1915.0,10464924.0,-070.3738519,G5020,M,005,,,
1121.0,36119981000,+41.0843108,0.0,36,9810,207903716709190,CT,S,+41.0843108,Census Tract 9810,55957.0,981000,-073.8105178,174.0,4219128.0,-073.8105178,G5020,M,119,,,
1890.0,06071008901,+35.5440435,10891060.0,06,89.01,207901321958198,CT,S,+35.5387479,Census Tract 89.01,29736.0,008901,-117.2779097,1094.0,3518210253.0,-117.3220048,G5020,R,071,,,
3194.0,36001014803,+42.4964550,1926625.0,36,148.03,20790735748679,CT,S,+42.5003339,Census Tract 148.03,15725.0,014803,-074.0397815,1591.0,149682689.0,-074.0502911,G5020,R,001,,,
4104.0,32029970200,+39.4469543,1881025.0,32,9702,207903709208380,CT,S,+39.4383853,Census Tract 9702,41621.0,970200,-119.5294770,1987.0,683182692.0,-119.5246462,G5020,M,029,,,
2951.0,06037900901,+34.7323029,510021.0,06,9009.01,2079015902970344,CT,S,+34.7258225,Census Tract 9009.01,11981.0,900901,-118.2437671,1051.0,94129763.0,-118.2459383,G5020,M,037,,,
1370.0,06037901209,+34.7604943,7874863.0,06,9012.09,207903717302745,CT,S,+34.7464476,Census Tract 9012.09,37731.0,901209,-118.5807407,729.0,589476557.0,-118.5702726,G5020,R,037,,,
2733.0,06037901216,+34.6776638,93301.0,06,9012.16,2079015902970055,CT,S,+34.6777567,Census Tract 9012.16,12722.0,901216,-118.2848583,874.0,41422613.0,-118.2827356,G5020,M,037,,,
4799.0,51550021605,+36.8492441,0.0,51,216.05,2079015503324413,CT,S,+36.8492441,Census Tract 216.05,34149.0,021605,-076.4084236,1771.0,3226802.0,-076.4084236,G5020,U,550,,,
3166.0,31157953400,+41.8770294,0.0,31,9534,20790300775937,CT,S,+41.8770294,Census Tract 9534,43504.0,953400,-103.6177300,1382.0,40866257.0,-103.6177300,G5020,M,157,,,
1707.0,26077001604,+42.2515174,140576.0,26,16.04,20790186281404,CT,S,+42.2506578,Census Tract 16.04,82612.0,001604,-085.6345189,956.0,3342710.0,-085.6326873,G5020,U,077,,,
4872.0,26077001504,+42.2833035,0.0,26,15.04,20790186281370,CT,S,+42.2833035,Census Tract 15.04,81854.0,001504,-085.6114157,259.0,2756914.0,-085.6114157,G5020,U,077,,,
2718.0,20063955300,+38.9160376,245369.0,20,9553,2079015497355905,CT,S,+38.9172385,Census Tract 9553,45230.0,955300,-100.4829088,1319.0,2775601942.0,-100.4873598,G5020,R,063,,,
1973.0,20057961600,+37.8114233,373712.0,20,9616,20790264982428,CT,S,+37.8013270,Census Tract 9616,45451.0,961600,-099.8330667,828.0,1124577258.0,-099.8415778,G5020,R,057,,,
2726.0,06029005103,+35.4825914,774185.0,06,51.03,207901065625007,CT,S,+35.4843580,Census Tract 51.03,52231.0,005103,-118.9840264,1176.0,189409640.0,-118.9832964,G5020,M,029,,,
4767.0,04001970502,+33.9278538,22668347.0,04,9705.02,207903717174604,CT,S,+33.9271551,Census Tract 9705.02,57296.0,970502,-109.5237185,4146.0,4571616716.0,-109.5146032,G5020,R,001,,,
3812.0,31157953700,+41.8504451,467221.0,31,9537,20790300776038,CT,S,+41.8505404,Census Tract 9537,43840.0,953700,-103.6356477,1693.0,8150147.0,-103.6339640,G5020,M,157,,,
1805.0,08087000300,+40.2731587,1664753.0,08,3,20790364487044,CT,S,+40.2757054,Census Tract 3,33670.0,000300,-103.8817871,721.0,41129336.0,-103.8845326,G5020,M,087,,,
5415.0,30111000902,+45.7618838,0.0,30,9.02,20790687180157,CT,S,+45.7618838,Census Tract 9.02,30067.0,000902,-108.5062868,2069.0,5527839.0,-108.5062868,G5020,U,111,,,
2122.0,48487950300,+34.0782563,18065231.0,48,9503,20790707813548,CT,S,+34.0823380,Census Tract 9503,39813.0,950300,-099.2384588,783.0,2418817337.0,-099.2342141,G5020,R,487,,,
3624.0,01065040000,+32.9462709,2840335.0,01,400,2079075958347,CT,S,+32.9331144,Census Tract 400,56479.0,040000,-087.5556070,1645.0,344316104.0,-087.5518100,G5020,R,065,,,
6825.0,25017318100,+42.6246240,1454435.0,25,3181,20790260106270,CT,S,+42.6324362,Census Tract 3181,41219.0,318100,-071.4317050,2637.0,15685664.0,-071.4323582,G5020,U,017,,,
5319.0,48201451800,+29.7202612,52173.0,48,4518,20790326058842,CT,S,+29.7188585,Census Tract 4518,26535.0,451800,-095.6312529,2089.0,4735936.0,-095.6342779,G5020,U,201,,,
2098.0,22047953102,+30.2634460,5326064.0,22,9531.02,2079069401534,CT,S,+30.2606697,Census Tract 9531.02,11215.0,953102,-091.1745899,950.0,29730721.0,-091.1606478,G5020,M,047,,,
2474.0,06019007801,+36.1460004,0.0,06,78.01,207903717087339,CT,S,+36.1460004,Census Tract 78.01,82420.0,007801,-120.0943186,663.0,293191128.0,-120.0943186,G5020,M,019,,,
3016.0,50025967600,+43.0747030,670525.0,50,9676,20790264578540,CT,S,+43.0746825,Census Tract 9676,64715.0,967600,-072.5102133,1480.0,117066524.0,-072.5080568,G5020,M,025,,,
8213.0,25027708100,+42.5512123,4700075.0,25,7081,20790515417415,CT,S,+42.5546000,Census Tract 7081,40980.0,708100,-071.9026615,3301.0,91788664.0,-071.9054402,G5020,M,027,,,
4978.0,06037295103,+33.7624798,1202.0,06,2951.03,207903717304322,CT,S,+33.7616099,Census Tract 2951.03,23893.0,295103,-118.2963214,2097.0,2056812.0,-118.2947359,G5020,U,037,,,
4978.0,06037295103,+33.7624798,1202.0,06,2951.03,207903717304322,CT,S,+33.7616099,Census Tract 2951.03,23893.0,295103,-118.2963214,2097.0,2056812.0,-118.2947359,G5020,U,037,,,
4978.0,06037295103,+33.7624798,1202.0,06,2951.03,207903717304322,CT,S,+33.7616099,Census Tract 2951.03,23893.0,295103,-118.2963214,2097.0,2056812.0,-118.2947359,G5020,U,037,,,
4978.0,06037295103,+33.7624798,1202.0,06,2951.03,207903717304322,CT,S,+33.7616099,Census Tract 2951.03,23893.0,295103,-118.2963214,2097.0,2056812.0,-118.2947359,G5020,U,037,,,
4978.0,06037295103,+33.7624798,1202.0,06,2951.03,207903717304322,CT,S,+33.7616099,Census Tract 2951.03,23893.0,295103,-118.2963214,2097.0,2056812.0,-118.2947359,G5020,U,037,,,
4978.0,06037295103,+33.7624798,1202.0,06,2951.03,207903717304322,CT,S,+33.7616099,Census Tract 2951.03,23893.0,295103,-118.2963214,2097.0,2056812.0,-118.2947359,G5020,U,037,,,
2963.0,51193010102,+38.0386400,8478684.0,51,101.02,2079015501991510,CT,S,+38.0419849,Census Tract 101.02,10681.0,010102,-076.6436919,1730.0,172924413.0,-076.6404845,G5020,R,193,,,
6358.0,55073001106,+44.8919905,169772.0,55,11.06,2079015482492983,CT,S,+44.8912203,Census Tract 11.06,56372.0,001106,-089.5387726,2475.0,59221677.0,-089.5496505,G5020,M,073,,,
2444.0,23025966701,+44.7402480,3468467.0,23,9667.01,2079015652679302,CT,S,+44.7571460,Census Tract 9667.01,17975.0,966701,-069.6415174,1294.0,61477653.0,-069.6488664,G5020,M,025,,,
4861.0,25017367100,+42.3818563,376761.0,25,3671,20790260105437,CT,S,+42.3825916,Census Tract 3671,31649.0,367100,-071.3033470,1768.0,17694943.0,-071.3038201,G5020,U,017,,,
4215.0,55073001204,+44.8106783,2098679.0,55,12.04,2079015482493004,CT,S,+44.8198931,Census Tract 12.04,57064.0,001204,-089.5909615,1951.0,140620571.0,-089.5886734,G5020,M,073,,,
5516.0,48135002803,+31.8373285,72124.0,48,28.03,2079015503718979,CT,S,+31.8374574,Census Tract 28.03,12194.0,002803,-102.4327403,2164.0,19831422.0,-102.4350101,G5020,M,135,,,
4744.0,25005642500,+41.7253497,8384854.0,25,6425,20790406288061,CT,S,+41.7258761,Census Tract 6425,67169.0,642500,-071.0725471,1996.0,55475441.0,-071.0706159,G5020,M,005,,,
7837.0,25005646101,+41.6563991,3262737.0,25,6461.01,20790406273119,CT,S,+41.6562971,Census Tract 6461.01,35135.0,646101,-071.0941438,3313.0,32191391.0,-071.0942304,G5020,M,005,,,
2691.0,27067781100,+45.0033663,32776007.0,27,7811,20790191161483,CT,S,+45.0015318,Census Tract 7811,58567.0,781100,-094.8684266,1419.0,436784897.0,-094.8657906,G5020,R,067,,,
5829.0,25005646103,+41.6014530,2744896.0,25,6461.03,207903711030817,CT,S,+41.6025859,Census Tract 6461.03,81245.0,646103,-071.0868986,2431.0,50304817.0,-071.0916313,G5020,M,005,,,
5829.0,25005646103,+41.6014530,2744896.0,25,6461.03,207903711030817,CT,S,+41.6025859,Census Tract 6461.03,81245.0,646103,-071.0868986,2431.0,50304817.0,-071.0916313,G5020,M,005,,,
1624.0,27117460400,+43.9318459,944476.0,27,4604,20790249078183,CT,S,+43.9325719,Census Tract 4604,84434.0,460400,-096.3262933,747.0,373325499.0,-096.3210585,G5020,R,117,,,
3396.0,22049970200,+32.3690711,3814814.0,22,9702,2079069453760,CT,S,+32.3617072,Census Tract 9702,67176.0,970200,-092.7008283,1603.0,276659486.0,-092.7056670,G5020,M,049,,,
4228.0,34017014600,+40.8027408,338849.0,34,146,20790460506423,CT,S,+40.8046906,Census Tract 146,27488.0,014600,-074.0264518,1568.0,5210137.0,-074.0290786,G5020,U,017,,,
7640.0,27109001403,+44.0610553,0.0,27,14.03,2079015504202816,CT,S,+44.0610553,Census Tract 14.03,20820.0,001403,-092.5363160,2904.0,15290044.0,-092.5363160,G5020,M,109,,,
7063.0,48439110807,+32.7265641,82873.0,48,1108.07,2079015922201042,CT,S,+32.7266265,Census Tract 1108.07,56837.0,110807,-097.5154657,2682.0,19869855.0,-097.5145975,G5020,M,439,,,
7640.0,27109001403,+44.0610553,0.0,27,14.03,2079015504202816,CT,S,+44.0610553,Census Tract 14.03,20820.0,001403,-092.5363160,2904.0,15290044.0,-092.5363160,G5020,M,109,,,
4283.0,06031001601,+36.0088124,2105941.0,06,16.01,20790680083096,CT,S,+36.0137600,Census Tract 16.01,3608.0,001601,-119.7790167,1271.0,1699007789.0,-119.7891118,G5020,M,031,,,
4902.0,06019007802,+36.3151691,0.0,06,78.02,207903717087325,CT,S,+36.3151691,Census Tract 78.02,82346.0,007802,-120.0929313,1268.0,523797959.0,-120.0929313,G5020,M,019,,,
4548.0,37057060601,+35.9294347,0.0,37,606.01,207903716995723,CT,S,+35.9294347,Census Tract 606.01,60325.0,060601,-080.0887380,1724.0,17590865.0,-080.0887380,G5020,M,057,,,
4952.0,05143011107,+36.0039536,849691.0,05,111.07,2079015482309040,CT,S,+36.0076221,Census Tract 111.07,13304.0,011107,-094.1088773,2108.0,79716012.0,-094.1126141,G5020,M,143,,,
4621.0,36071011702,+41.3323597,373606.0,36,117.02,207903716982266,CT,S,+41.3240758,Census Tract 117.02,13528.0,011702,-074.5376752,1659.0,59572166.0,-074.5411792,G5020,R,071,,,
4621.0,36071011702,+41.3323597,373606.0,36,117.02,207903716982266,CT,S,+41.3240758,Census Tract 117.02,13528.0,011702,-074.5376752,1659.0,59572166.0,-074.5411792,G5020,R,071,,,
4254.0,02016000200,+53.6605056,3104558227.0,02,2,2079045076553,CT,S,+53.6210913,Census Tract 2,17010.0,000200,-166.8664452,776.0,2821080604.0,-166.7709793,G5020,R,016,,,
2974.0,42107001300,+40.6629483,220075.0,42,13,20790301183757,CT,S,+40.6558866,Census Tract 13,71882.0,001300,-076.3616127,1336.0,100103753.0,-076.3595552,G5020,R,107,,,
2764.0,36121970800,+42.6521512,1152628.0,36,9708,20790109410805,CT,S,+42.6500197,Census Tract 9708,57878.0,970800,-078.1916120,1435.0,184874839.0,-078.1934543,G5020,R,121,,,
2764.0,36121970800,+42.6521512,1152628.0,36,9708,20790109410805,CT,S,+42.6500197,Census Tract 9708,57878.0,970800,-078.1916120,1435.0,184874839.0,-078.1934543,G5020,R,121,,,
4954.0,50001960400,+44.0923428,38604401.0,50,9604,20790554292884,CT,S,+44.0870615,Census Tract 9604,33323.0,960400,-073.2676581,2409.0,322017686.0,-073.2671642,G5020,M,001,,,
5821.0,06037408900,+34.1118956,54944.0,06,4089,2079015902969723,CT,S,+34.1118065,Census Tract 4089,16454.0,408900,-117.7824995,2520.0,3102664.0,-117.7812612,G5020,U,037,,,
5270.0,25011040800,+42.4494825,2665082.0,25,408,20790245080840,CT,S,+42.4541064,Census Tract 408,26943.0,040800,-072.6070481,2498.0,89032024.0,-072.6107838,G5020,M,011,,,
5270.0,25011040800,+42.4494825,2665082.0,25,408,20790245080840,CT,S,+42.4541064,Census Tract 408,26943.0,040800,-072.6070481,2498.0,89032024.0,-072.6107838,G5020,M,011,,,
1995.0,41021960100,+45.3776833,46914702.0,41,9601,20790527310632,CT,S,+45.3829550,Census Tract 9601,20989.0,960100,-120.2104980,1095.0,3120213943.0,-120.2762460,G5020,R,021,,,
4897.0,36055014700,+43.0124697,676603.0,36,147,20790104630967,CT,S,+43.0092222,Census Tract 147,83945.0,014700,-077.8175801,2194.0,78763778.0,-077.8159281,G5020,M,055,,,
4897.0,36055014700,+43.0124697,676603.0,36,147,20790104630967,CT,S,+43.0092222,Census Tract 147,83945.0,014700,-077.8175801,2194.0,78763778.0,-077.8159281,G5020,M,055,,,
3376.0,18083955800,+38.6279786,4199572.0,18,9558,20790113961635,CT,S,+38.6236035,Census Tract 9558,82393.0,955800,-087.3415127,1552.0,364919581.0,-087.3394073,G5020,R,083,,,
5490.0,55017010400,+44.9379562,1885282.0,55,104,20790619409118,CT,S,+44.9287091,Census Tract 104,58300.0,010400,-091.5411543,2167.0,275144137.0,-091.5289020,G5020,M,017,,,
3165.0,41049970200,+45.3532386,1225618.0,41,9702,20790207283925,CT,S,+45.3524471,Census Tract 9702,82409.0,970200,-119.5529948,1636.0,4462617793.0,-119.5528987,G5020,R,049,,,
3165.0,41049970200,+45.3532386,1225618.0,41,9702,20790207283925,CT,S,+45.3524471,Census Tract 9702,82409.0,970200,-119.5529948,1636.0,4462617793.0,-119.5528987,G5020,R,049,,,
2048.0,24510250301,+39.2625888,311271.0,24,2503.01,20790165683672,CT,S,+39.2623356,Census Tract 2503.01,23174.0,250301,-076.6352199,977.0,1891899.0,-076.6349462,G5020,U,510,,,
1359.0,09001070300,+41.1636943,214804.0,09,703,20790698077773,CT,S,+41.1637248,Census Tract 703,36816.0,070300,-073.2100694,477.0,1074850.0,-073.2089371,G5020,U,001,,,
5182.0,33013032800,+43.2612047,1686805.0,33,328,20790304025948,CT,S,+43.2710668,Census Tract 328,54077.0,032800,-071.5241054,2120.0,48908325.0,-071.5188217,G5020,M,013,,,
0.0,42017980000,+40.1543497,10971863.0,42,9800,2079019653171248,CT,S,+40.1615660,Census Tract 9800,4960.0,980000,-074.7646485,0.0,22865402.0,-074.7660596,G5020,M,017,,,
2497.0,34015500201,+39.8706961,2400104.0,34,5002.01,20790414200094,CT,S,+39.8742327,Census Tract 5002.01,29764.0,500201,-075.1593676,1042.0,7769079.0,-075.1590597,G5020,U,015,,,
4820.0,36115080100,+43.3010824,153390.0,36,801,20790741747538,CT,S,+43.3016153,Census Tract 801,28375.0,080100,-073.5839032,2228.0,2943713.0,-073.5834738,G5020,M,115,,,
4195.0,09011710100,+41.6013643,1018780.0,09,7101,20790350078867,CT,S,+41.6027656,Census Tract 7101,66218.0,710100,-072.0141316,1728.0,42200264.0,-072.0122612,G5020,M,011,,,
6690.0,25027737300,+42.2125705,734936.0,25,7373,20790515417428,CT,S,+42.2149058,Census Tract 7373,22519.0,737300,-071.7505917,2706.0,14149202.0,-071.7457772,G5020,U,027,,,
3154.0,25009253201,+42.7135869,331627.0,25,2532.01,20790206511968,CT,S,+42.7177732,Census Tract 2532.01,52565.0,253201,-071.1207440,1459.0,6044011.0,-071.1245474,G5020,U,009,,,
624.0,51740980100,+36.8116237,970586.0,51,9801,20790701442721,CT,S,+36.8112929,Census Tract 9801,54553.0,980100,-076.2978170,0.0,2676072.0,-076.2972774,G5020,U,740,,,
3542.0,25009208102,+42.4421981,1165555.0,25,2081.02,20790206511586,CT,S,+42.4416715,Census Tract 2081.02,64646.0,208102,-070.9919233,1307.0,4751972.0,-070.9932210,G5020,U,009,,,
5357.0,06089012000,+40.4341075,68918.0,06,120,20790681809917,CT,S,+40.4351833,Census Tract 120,17752.0,012000,-122.2955303,2189.0,10833565.0,-122.2934161,G5020,M,089,,,
5380.0,12011110600,+26.0806537,889644.0,12,1106,207903860008783,CT,S,+26.0813953,Census Tract 1106,67706.0,110600,-080.1807701,2775.0,10000254.0,-080.1807790,G5020,U,011,,,
6525.0,36119014100,+41.2810281,2602749.0,36,141,20790701646293,CT,S,+41.2837261,Census Tract 141,41674.0,014100,-073.9354404,2639.0,3236997.0,-073.9337120,G5020,M,119,,,
4467.0,01077011700,+34.9200261,6253833.0,01,117,20790113223270,CT,S,+34.9230399,Census Tract 117,84841.0,011700,-087.3917612,2170.0,138659124.0,-087.3958449,G5020,R,077,,,
3732.0,06029003304,+35.2658498,6934593.0,06,33.04,207901065599770,CT,S,+35.2582904,Census Tract 33.04,52157.0,003304,-119.5016695,878.0,1600690598.0,-119.5019126,G5020,M,029,,,
2245.0,31001966200,+40.4560442,813242.0,31,9662,20790411605357,CT,S,+40.4591611,Census Tract 9662,9907.0,966200,-098.5041398,960.0,882555565.0,-098.5061303,G5020,M,001,,,
2429.0,05029950400,+35.1593878,4121440.0,05,9504,20790299246974,CT,S,+35.1579122,Census Tract 9504,42120.0,950400,-092.8063512,1145.0,46030390.0,-092.8094751,G5020,M,029,,,
3795.0,39037555002,+40.1209893,40099.0,39,5550.02,2079015483005023,CT,S,+40.1262129,Census Tract 5550.02,67314.0,555002,-084.6297192,1874.0,11736269.0,-084.6190841,G5020,M,037,,,
5222.0,39101010201,+40.6575095,329790.0,39,102.01,20790346201154,CT,S,+40.6517961,Census Tract 102.01,80507.0,010201,-083.2176826,2113.0,242473705.0,-083.2120980,G5020,M,101,,,
4442.0,39137030302,+41.0168648,324588.0,39,303.02,2079015482310012,CT,S,+41.0159853,Census Tract 303.02,17715.0,030302,-084.0618565,1824.0,48526898.0,-084.0622260,G5020,M,137,,,
2106.0,48153950500,+34.1812142,663351.0,48,9505,20790207412697,CT,S,+34.1790496,Census Tract 9505,74723.0,950500,-101.3059801,1006.0,1401183506.0,-101.3011595,G5020,R,153,,,
1379.0,08057955600,+40.6661359,18750017.0,08,9556,20790347842771,CT,S,+40.6634319,Census Tract 9556,59150.0,955600,-106.3423570,1190.0,4179530231.0,-106.3292476,G5020,R,057,,,
2443.0,37123960501,+35.2293881,286583.0,37,9605.01,2079015489696202,CT,S,+35.2340187,Census Tract 9605.01,36235.0,960501,-079.6993223,1087.0,79099585.0,-079.7148781,G5020,R,123,,,
3464.0,06089012400,+40.5516590,23851285.0,06,124,20790681809929,CT,S,+40.5276064,Census Tract 124,61429.0,012400,-122.6608589,1599.0,1581283327.0,-122.6483381,G5020,R,089,,,
2368.0,19069360300,+42.7324847,512122.0,19,3603,20790353654127,CT,S,+42.7347487,Census Tract 3603,34999.0,360300,-093.3804165,1141.0,755850796.0,-093.3848179,G5020,R,069,,,
3086.0,19069360100,+42.7318700,517751.0,19,3601,20790353654102,CT,S,+42.7330024,Census Tract 3601,35167.0,360100,-093.1373495,1463.0,691350994.0,-093.1399516,G5020,R,069,,,
1450.0,55057100301,+43.9730781,2634686.0,55,1003.01,2079015484715396,CT,S,+43.9724220,Census Tract 1003.01,34261.0,100301,-090.0924672,1188.0,97418479.0,-090.0864938,G5020,R,057,,,
2870.0,37127010700,+36.0785482,475395.0,37,107,20790504902655,CT,S,+36.0824501,Census Tract 107,33798.0,010700,-077.7758469,1392.0,117546336.0,-077.7714139,G5020,M,127,,,
2870.0,37127010700,+36.0785482,475395.0,37,107,20790504902655,CT,S,+36.0824501,Census Tract 107,33798.0,010700,-077.7758469,1392.0,117546336.0,-077.7714139,G5020,M,127,,,
6049.0,50007002601,+44.4916004,237116.0,50,26.01,20790486949455,CT,S,+44.4943535,Census Tract 26.01,49801.0,002601,-073.1238046,2749.0,7430571.0,-073.1254501,G5020,U,007,,,
3963.0,05069002400,+34.3909005,11173938.0,05,24,207903692504701,CT,S,+34.3895907,Census Tract 24,38843.0,002400,-092.1344126,1782.0,198779225.0,-092.1375710,G5020,M,069,,,
3156.0,24005492700,+39.2182440,19543817.0,24,4927,2079019627028770,CT,S,+39.2174267,Census Tract 4927,6775.0,492700,-076.4873716,1490.0,14370614.0,-076.4879121,G5020,M,005,,,
2723.0,29147470200,+40.3013923,989050.0,29,4702,20790409754290,CT,S,+40.2967776,Census Tract 4702,28552.0,470200,-094.9966760,1198.0,850359508.0,-094.9971367,G5020,M,147,,,
1407.0,53039950101,+45.9196057,41594671.0,53,9501.01,2079015485170741,CT,S,+45.9254031,Census Tract 9501.01,24851.0,950101,-120.4425655,674.0,2230863454.0,-120.4390051,G5020,R,039,,,
3459.0,37135011210,+35.9125700,581236.0,37,112.10,2079015495327602,CT,S,+35.9113867,Census Tract 112.10,21287.0,011210,-079.2055384,1502.0,90163618.0,-079.2061662,G5020,R,135,,,
2115.0,37131920202,+36.3070031,1100238.0,37,9202.02,2079015501456219,CT,S,+36.3486993,Census Tract 9202.02,52018.0,920202,-077.2924343,1371.0,235811562.0,-077.3558412,G5020,R,131,,,
2898.0,45045002001,+34.7877058,0.0,45,20.01,20790676134786,CT,S,+34.7877058,Census Tract 20.01,21339.0,002001,-082.3953293,1253.0,3918801.0,-082.3953293,G5020,U,045,,,
2288.0,33003955602,+43.9481954,3429820.0,33,9556.02,2079015483072223,CT,S,+43.9594503,Census Tract 9556.02,30009.0,955602,-071.2701973,1592.0,274019033.0,-071.2742511,G5020,M,003,,,
2396.0,24005440600,+39.3714976,14443.0,24,4406,20790271417567,CT,S,+39.3714528,Census Tract 4406,38371.0,440600,-076.4818282,835.0,6130292.0,-076.4818923,G5020,U,005,,,
3059.0,24005411102,+39.4338436,541505.0,24,4111.02,20790271473443,CT,S,+39.4291592,Census Tract 4111.02,49071.0,411102,-076.4015229,1248.0,24715293.0,-076.4038729,G5020,M,005,,,
3098.0,48105950100,+30.7227356,53329.0,48,9501,20790172926775,CT,S,+30.7175316,Census Tract 9501,34855.0,950100,-101.4117391,1592.0,7270935061.0,-101.4042113,G5020,R,105,,,
3113.0,17113005202,+40.5528286,184624.0,17,52.02,20790353870432,CT,S,+40.5552497,Census Tract 52.02,21301.0,005202,-089.1589358,1260.0,220184462.0,-089.1642759,G5020,M,113,,,
5100.0,13033950400,+33.0781844,1353649.0,13,9504,20790356340242,CT,S,+33.0807356,Census Tract 9504,62526.0,950400,-082.0973444,2230.0,227044938.0,-082.1003726,G5020,M,033,,,
2597.0,13269950302,+32.5152561,893542.0,13,9503.02,2079015482647557,CT,S,+32.5132619,Census Tract 9503.02,43996.0,950302,-084.2077729,1207.0,168446110.0,-084.2187823,G5020,R,269,,,
2826.0,36119009702,+41.0206876,18318.0,36,97.02,20790701644290,CT,S,+41.0161957,Census Tract 97.02,80546.0,009702,-073.7452314,1204.0,4777054.0,-073.7425573,G5020,U,119,,,
5175.0,36119009500,+41.0223177,0.0,36,95,20790701646325,CT,S,+41.0223177,Census Tract 95,80461.0,009500,-073.7648448,2541.0,648957.0,-073.7648448,G5020,U,119,,,
3100.0,36119009701,+41.0020273,0.0,36,97.01,20790701646326,CT,S,+41.0020273,Census Tract 97.01,80545.0,009701,-073.7550271,1143.0,2366388.0,-073.7550271,G5020,U,119,,,
2335.0,26109960300,+45.4642670,9055742.0,26,9603,20790306650649,CT,S,+45.4681446,Census Tract 9603,50485.0,960300,-087.7142736,1550.0,447058735.0,-087.7183814,G5020,R,109,,,
2212.0,55003950500,+46.3937512,2301643.0,55,9505,20790688617489,CT,S,+46.3975034,Census Tract 9505,75771.0,950500,-090.8477073,994.0,335435241.0,-090.8314930,G5020,R,003,,,
3074.0,05063490500,+35.7462734,1046763.0,05,4905,20790313390381,CT,S,+35.7544026,Census Tract 4905,43740.0,490500,-091.5764327,1271.0,38031474.0,-091.5744854,G5020,M,063,,,
3631.0,05063490701,+35.7088762,1961478.0,05,4907.01,2079015682212834,CT,S,+35.7109787,Census Tract 4907.01,31282.0,490701,-091.7277316,1597.0,150915131.0,-091.7316784,G5020,R,063,,,
1660.0,05137950201,+35.8242705,3049051.0,05,9502.01,207903710925900,CT,S,+35.8289546,Census Tract 9502.01,41634.0,950201,-091.9360554,869.0,277361574.0,-091.9452747,G5020,R,137,,,
4059.0,05067480300,+35.6225560,289536.0,05,4803,20790316319797,CT,S,+35.6270944,Census Tract 4803,59740.0,480300,-091.2448822,1990.0,40255966.0,-091.2448368,G5020,M,067,,,
2385.0,06107004302,+35.8608194,295053.0,06,43.02,2079015748636955,CT,S,+35.8504301,Census Tract 43.02,14013.0,004302,-119.4034690,632.0,393173932.0,-119.4055452,G5020,R,107,,,
6439.0,06107004500,+35.8807456,82605.0,06,45,20790673085094,CT,S,+35.8832816,Census Tract 45,12114.0,004500,-118.9865549,1873.0,343579697.0,-118.9810899,G5020,R,107,,,
6255.0,44009050901,+41.3840604,1078512.0,44,509.01,2079019653491627,CT,S,+41.3841258,Census Tract 509.01,28207.0,050901,-071.8022200,2882.0,24149510.0,-071.8017729,G5020,M,009,,,
2801.0,40015162000,+35.1358829,7744217.0,40,1620,20790701291561,CT,S,+35.1298640,Census Tract 1620,23432.0,162000,-098.2304163,1363.0,733605799.0,-098.2253305,G5020,R,015,,,
5634.0,06017031100,+38.7560072,154216.0,06,311,20790678721654,CT,S,+38.7557046,Census Tract 311,11162.0,031100,-120.7668155,2573.0,36774632.0,-120.7656707,G5020,M,017,,,
9306.0,37081012803,+36.0643601,417438.0,37,128.03,20790320920657,CT,S,+36.0723607,Census Tract 128.03,63494.0,012803,-079.7243579,3593.0,32769036.0,-079.7184436,G5020,M,081,,,
2859.0,32019960902,+39.0791796,3721497.0,32,9609.02,2079015484712340,CT,S,+39.0775786,Census Tract 9609.02,14647.0,960902,-119.0738133,1300.0,759644449.0,-119.0752639,G5020,R,019,,,
8681.0,49049002901,+40.1647516,0.0,49,29.01,207903717249989,CT,S,+40.1647516,Census Tract 29.01,79599.0,002901,-111.6310728,2419.0,12681326.0,-111.6310728,G5020,M,049,,,
3370.0,53073010504,+48.8573075,74862788.0,53,105.04,2079015692406254,CT,S,+48.8889116,Census Tract 105.04,839.0,010504,-122.7518562,1281.0,57720073.0,-122.7854839,G5020,M,073,,,
2908.0,51143010600,+36.9137978,332809.0,51,106,20790271550044,CT,S,+36.9106760,Census Tract 106,28542.0,010600,-079.3768211,1467.0,100092389.0,-079.3775856,G5020,R,143,,,
5553.0,51109950201,+38.0272881,675522.0,51,9502.01,207903717491052,CT,S,+38.0247871,Census Tract 9502.01,55389.0,950201,-078.0106500,2357.0,150004286.0,-078.0107099,G5020,R,109,,,
4484.0,42091203104,+40.0908332,0.0,42,2031.04,20790282931201,CT,S,+40.0908332,Census Tract 2031.04,76029.0,203104,-075.2484342,1871.0,4254446.0,-075.2484342,G5020,U,091,,,
2789.0,48181001104,+33.6525811,225977.0,48,11.04,2079015496834506,CT,S,+33.6469999,Census Tract 11.04,9802.0,001104,-096.8680289,1176.0,149291716.0,-096.8578049,G5020,R,181,,,
2789.0,48181001104,+33.6525811,225977.0,48,11.04,2079015496834506,CT,S,+33.6469999,Census Tract 11.04,9802.0,001104,-096.8680289,1176.0,149291716.0,-096.8578049,G5020,R,181,,,
3645.0,17195000500,+41.8610011,2063613.0,17,5,20790373686092,CT,S,+41.8608652,Census Tract 5,80701.0,000500,-090.1621622,1747.0,7391227.0,-090.1623123,G5020,M,195,,,
1211.0,48479001815,+27.5783911,5751888.0,48,18.15,207903717229689,CT,S,+27.5789118,Census Tract 18.15,65938.0,001815,-099.0159645,503.0,1324200711.0,-099.0101891,G5020,R,479,,,
2001.0,45033970401,+34.3941415,0.0,45,9704.01,2079015482236560,CT,S,+34.3941415,Census Tract 9704.01,48153.0,970401,-079.3955817,867.0,27274800.0,-079.3955817,G5020,M,033,,,
4669.0,42055010200,+40.0668323,632262.0,42,102,20790262115474,CT,S,+40.0657880,Census Tract 102,34172.0,010200,-077.6936454,1884.0,267016924.0,-077.6923856,G5020,M,055,,,
5917.0,42055011400,+39.9239341,76017.0,42,114,20790262115676,CT,S,+39.9254363,Census Tract 114,34248.0,011400,-077.8062627,2377.0,134335286.0,-077.8051226,G5020,R,055,,,
5917.0,42055011400,+39.9239341,76017.0,42,114,20790262115676,CT,S,+39.9254363,Census Tract 114,34248.0,011400,-077.8062627,2377.0,134335286.0,-077.8051226,G5020,R,055,,,
1480.0,06001451103,+37.6388221,0.0,06,4511.03,2079015504372119,CT,S,+37.6388221,Census Tract 4511.03,2960.0,451103,-121.7290430,502.0,60250505.0,-121.7290430,G5020,M,001,,,
1304.0,06065044521,+33.9727898,0.0,06,445.21,207903717224358,CT,S,+33.9727898,Census Tract 445.21,18156.0,044521,-116.6546180,559.0,169077289.0,-116.6546180,G5020,R,065,,,
1304.0,06065044521,+33.9727898,0.0,06,445.21,207903717224358,CT,S,+33.9727898,Census Tract 445.21,18156.0,044521,-116.6546180,559.0,169077289.0,-116.6546180,G5020,R,065,,,
5359.0,18177000900,+39.8028215,53875.0,18,9,20790119677307,CT,S,+39.8038267,Census Tract 9,51033.0,000900,-084.8920154,2784.0,10221184.0,-084.8944964,G5020,M,177,,,
4119.0,48147950702,+33.4316787,378201.0,48,9507.02,20790301193094,CT,S,+33.4315229,Census Tract 9507.02,32751.0,950702,-096.3376102,1546.0,141462010.0,-096.3372051,G5020,R,147,,,
2984.0,55097961102,+44.5014553,1674554.0,55,9611.02,2079015482493431,CT,S,+44.5059851,Census Tract 9611.02,5651.0,961102,-089.5832034,1635.0,10061391.0,-089.5819434,G5020,M,097,,,
1318.0,18089040100,+41.6779952,3701622.0,18,401,20790271954011,CT,S,+41.6767540,Census Tract 401,82966.0,040100,-087.4805910,594.0,3970691.0,-087.4764040,G5020,U,089,,,
1318.0,18089040100,+41.6779952,3701622.0,18,401,20790271954011,CT,S,+41.6767540,Census Tract 401,82966.0,040100,-087.4805910,594.0,3970691.0,-087.4764040,G5020,U,089,,,
2374.0,02130000400,+55.3203511,843553.0,02,4,2079045732205,CT,S,+55.3200060,Census Tract 4,46849.0,000400,-131.5614515,998.0,19297494.0,-131.5487809,G5020,M,130,,,
2571.0,48217960502,+31.9093799,23346148.0,48,9605.02,2079015501412212,CT,S,+31.9422916,Census Tract 9605.02,3979.0,960502,-097.3433803,1238.0,104593274.0,-097.3521396,G5020,R,217,,,
3108.0,17107953600,+40.0275985,98920.0,17,9536,20790137953846,CT,S,+40.0248724,Census Tract 9536,81743.0,953600,-089.2288725,1466.0,347975718.0,-089.2280808,G5020,R,107,,,
4902.0,06019007802,+36.3151691,0.0,06,78.02,207903717087325,CT,S,+36.3151691,Census Tract 78.02,82346.0,007802,-120.0929313,1268.0,523797959.0,-120.0929313,G5020,M,019,,,
4944.0,45007010106,+34.7196725,181819.0,45,101.06,2079015482163436,CT,S,+34.7156561,Census Tract 101.06,7831.0,010106,-082.5240779,1891.0,32209088.0,-082.5238137,G5020,M,007,,,
5099.0,36055014903,+43.1625509,309837.0,36,149.03,20790104631103,CT,S,+43.1574111,Census Tract 149.03,85061.0,014903,-077.8500250,1983.0,53431002.0,-077.8489406,G5020,M,055,,,
5079.0,06037502100,+33.9726646,0.0,06,5021,207901115291745,CT,S,+33.9726646,Census Tract 5021,82737.0,502100,-118.0522272,1594.0,1936985.0,-118.0522272,G5020,U,037,,,
6133.0,20173009605,+37.5779399,834618.0,20,96.05,207903714753002,CT,S,+37.5777368,Census Tract 96.05,54268.0,009605,-097.5111735,2154.0,221654178.0,-097.5122625,G5020,M,173,,,
8338.0,24045010300,+38.3709174,1511455.0,24,103,20790166672410,CT,S,+38.3749424,Census Tract 103,14372.0,010300,-075.6495487,3296.0,33358222.0,-075.6539730,G5020,M,045,,,
3126.0,31151960900,+40.4732436,2605521.0,31,9609,20790115740515,CT,S,+40.4684945,Census Tract 9609,15296.0,960900,-096.9702385,1308.0,263134735.0,-096.9802978,G5020,R,151,,,
6281.0,25013813602,+42.1121833,76511.0,25,8136.02,20790249218197,CT,S,+42.1123929,Census Tract 8136.02,36503.0,813602,-072.4253645,2344.0,30863484.0,-072.4301115,G5020,M,013,,,
3766.0,47019071301,+36.4104871,243985.0,47,713.01,2079015486534254,CT,S,+36.4126046,Census Tract 713.01,32245.0,071301,-082.0548247,1867.0,111638877.0,-082.0600869,G5020,M,019,,,
3899.0,25011040501,+42.6073376,667995.0,25,405.01,207903709174075,CT,S,+42.6028688,Census Tract 405.01,40370.0,040501,-072.3100758,1740.0,29276421.0,-072.3152174,G5020,M,011,,,
4715.0,12039020400,+30.6454583,2036665.0,12,204,2079086882004,CT,S,+30.6354529,Census Tract 204,84869.0,020400,-084.8136616,1936.0,194641306.0,-084.7998434,G5020,R,039,,,
5246.0,53037975300,+47.1300739,12882808.0,53,9753,20790898313454,CT,S,+47.1364910,Census Tract 9753,79621.0,975300,-120.3426224,2193.0,1536305448.0,-120.3267240,G5020,M,037,,,
3870.0,47047060600,+35.0673252,156304.0,47,606,20790582572536,CT,S,+35.0660334,Census Tract 606,53135.0,060600,-089.3306050,1667.0,419525187.0,-089.3323814,G5020,R,047,,,
5313.0,48097000900,+33.5207249,10488724.0,48,9,20790172674777,CT,S,+33.5090619,Census Tract 9,33852.0,000900,-097.2977578,2141.0,712238480.0,-097.2943810,G5020,M,097,,,
2217.0,06065941002,+33.8031797,225.0,06,9410.02,2079015504238288,CT,S,+33.8050537,Census Tract 9410.02,38403.0,941002,-116.4882923,2668.0,5135161.0,-116.4884600,G5020,U,065,,,
3973.0,24015031400,+39.6960801,6724905.0,24,314,20790149651944,CT,S,+39.6933286,Census Tract 314,48846.0,031400,-076.1712253,1565.0,41574707.0,-076.1659565,G5020,M,015,,,
2547.0,48079950100,+33.6040305,229068.0,48,9501,20790159640091,CT,S,+33.6084401,Census Tract 9501,79437.0,950100,-102.8284308,1242.0,2007453830.0,-102.8304490,G5020,R,079,,,
4796.0,35025001100,+33.1193383,7237122.0,35,11,20790699147012,CT,S,+33.1263976,Census Tract 11,50512.0,001100,-103.4510470,1867.0,6315087350.0,-103.4038893,G5020,M,025,,,
2934.0,18095010100,+40.3404812,33467.0,18,101,20790267126069,CT,S,+40.3404419,Census Tract 101,71813.0,010100,-085.7247136,1282.0,204875526.0,-085.7265796,G5020,M,095,,,
4285.0,50027965600,+43.6420178,141503.0,50,9656,20790261608407,CT,S,+43.6405229,Census Tract 9656,59247.0,965600,-072.3298937,2157.0,12345763.0,-072.3298109,G5020,M,027,,,
4067.0,06067007206,+38.7199051,0.0,06,72.06,20790753121124,CT,S,+38.7199051,Census Tract 72.06,44781.0,007206,-121.4511579,1394.0,18699122.0,-121.4511579,G5020,M,067,,,
4316.0,12027010101,+27.2745084,46299.0,12,101.01,207903717487468,CT,S,+27.2745585,Census Tract 101.01,73793.0,010101,-081.7057243,2993.0,407840058.0,-081.7016476,G5020,M,027,,,
3579.0,36101961200,+42.3483330,0.0,36,9612,20790107947237,CT,S,+42.3483330,Census Tract 9612,61268.0,961200,-077.3066123,1922.0,6608541.0,-077.3066123,G5020,M,101,,,
2627.0,40127097600,+34.5763218,54778877.0,40,976,20790754591504,CT,S,+34.5809740,Census Tract 976,14002.0,097600,-095.2772756,1526.0,1205290556.0,-095.2910987,G5020,R,127,,,
1758.0,48359950100,+35.4051056,2339716.0,48,9501,20790424296015,CT,S,+35.4019206,Census Tract 9501,43433.0,950100,-102.6028784,732.0,3886337114.0,-102.5976203,G5020,R,359,,,
3625.0,06029004500,+35.6479155,8434995.0,06,45,207901065264164,CT,S,+35.6497752,Census Tract 45,51623.0,004500,-119.7675649,934.0,2333803672.0,-119.7746623,G5020,R,029,,,
3625.0,06029004500,+35.6479155,8434995.0,06,45,207901065264164,CT,S,+35.6497752,Census Tract 45,51623.0,004500,-119.7675649,934.0,2333803672.0,-119.7746623,G5020,R,029,,,
2808.0,48315950200,+32.8018986,10565933.0,48,9502,20790718235044,CT,S,+32.7947102,Census Tract 9502,61492.0,950200,-094.4825346,1481.0,384486646.0,-094.4642946,G5020,R,315,,,
4443.0,25009203302,+42.5173427,4370983.0,25,2033.02,207903709705970,CT,S,+42.5169126,Census Tract 2033.02,22779.0,203302,-070.8480495,2338.0,2398881.0,-070.8485110,G5020,M,009,,,
4087.0,13319960300,+32.8734884,1943933.0,13,9603,20790386659909,CT,S,+32.8739308,Census Tract 9603,77575.0,960300,-083.3084806,1882.0,213839184.0,-083.3057042,G5020,R,319,,,
4087.0,13319960300,+32.8734884,1943933.0,13,9603,20790386659909,CT,S,+32.8739308,Census Tract 9603,77575.0,960300,-083.3084806,1882.0,213839184.0,-083.3057042,G5020,R,319,,,
2889.0,37013930101,+35.6142393,12376795.0,37,9301.01,2079015482149859,CT,S,+35.6115021,Census Tract 9301.01,39161.0,930101,-076.7111931,1490.0,423115012.0,-076.7137284,G5020,R,013,,,
3744.0,17197884101,+41.6119408,1121207.0,17,8841.01,207903711048428,CT,S,+41.6088678,Census Tract 8841.01,42159.0,884101,-088.0951222,1944.0,20893889.0,-088.0959389,G5020,M,197,,,
3847.0,37141920300,+34.6639980,605423.0,37,9203,20790328246954,CT,S,+34.6713171,Census Tract 9203,47283.0,920300,-078.0082315,1864.0,236115472.0,-078.0020072,G5020,R,141,,,
8422.0,39061026002,+39.2670299,1397275.0,39,260.02,20790473215637,CT,S,+39.2635941,Census Tract 260.02,80551.0,026002,-084.7178133,3284.0,67688380.0,-084.7258730,G5020,M,061,,,
4703.0,26051000700,+43.9701775,653740.0,26,7,2079052887938,CT,S,+43.9698845,Census Tract 7,15630.0,000700,-084.4903251,2151.0,80125581.0,-084.4511298,G5020,R,051,,,
3998.0,42061950600,+40.4020089,29792870.0,42,9506,20790267577853,CT,S,+40.4005919,Census Tract 9506,21733.0,950600,-078.1073663,2401.0,216912256.0,-078.1038118,G5020,M,061,,,
3543.0,23005004402,+43.7758183,24453319.0,23,44.02,20790204251251,CT,S,+43.7681061,Census Tract 44.02,46919.0,004402,-070.1451405,1659.0,15637719.0,-070.1352038,G5020,M,005,,,
5648.0,36103159518,+40.7628772,306923.0,36,1595.18,2079015799542251,CT,S,+40.7632935,Census Tract 1595.18,78135.0,159518,-072.8624679,1990.0,3970854.0,-072.8605101,G5020,U,103,,,
2770.0,34027043301,+40.8031511,22599.0,34,433.01,20790700677268,CT,S,+40.8015748,Census Tract 433.01,53991.0,043301,-074.4536034,1065.0,4143535.0,-074.4550797,G5020,U,027,,,
4250.0,34031163502,+40.9636548,89607.0,34,1635.02,2079015682071872,CT,S,+40.9627564,Census Tract 1635.02,8257.0,163502,-074.1913518,1386.0,4957954.0,-074.1905243,G5020,U,031,,,
7949.0,45015020602,+33.0794019,9427697.0,45,206.02,2079015485432452,CT,S,+33.0812740,Census Tract 206.02,39925.0,020602,-079.9731819,2954.0,91183499.0,-079.9694183,G5020,M,015,,,
4576.0,41047010305,+45.1471499,73422.0,41,103.05,20790446461278,CT,S,+45.1448803,Census Tract 103.05,23847.0,010305,-122.8102601,1246.0,18845597.0,-122.8161353,G5020,M,047,,,
3012.0,25003920102,+42.6678619,68664.0,25,9201.02,20790225532406,CT,S,+42.6561192,Census Tract 9201.02,36521.0,920102,-073.2331036,1267.0,85482502.0,-073.2203731,G5020,M,003,,,
3226.0,08049000100,+40.0910076,20272600.0,08,1,20790342510998,CT,S,+40.0960460,Census Tract 1,24838.0,000100,-106.2992862,1790.0,2845207099.0,-106.2929536,G5020,R,049,,,
2003.0,23025966300,+44.9588409,14054519.0,23,9663,20790107685766,CT,S,+45.0045553,Census Tract 9663,42500.0,966300,-069.9999875,1790.0,414783021.0,-070.0176044,G5020,R,025,,,
5485.0,08067940400,+37.1041857,881110.0,08,9404,20790375588556,CT,S,+37.1279198,Census Tract 9404,49935.0,940400,-108.0269333,2471.0,1250531911.0,-107.9882241,G5020,R,067,,,
5510.0,36063024405,+43.1940920,1660922.0,36,244.05,20790494565252,CT,S,+43.1945478,Census Tract 244.05,36568.0,024405,-078.9575739,2402.0,67084616.0,-078.9479870,G5020,M,063,,,
5669.0,34023008502,+40.3738809,812200.0,34,85.02,20790423994784,CT,S,+40.3757088,Census Tract 85.02,59036.0,008502,-074.4986902,1841.0,54738465.0,-074.4871985,G5020,M,023,,,
4650.0,25015822607,+42.4054294,2416538.0,25,8226.07,2079015500728685,CT,S,+42.4061255,Census Tract 8226.07,27036.0,822607,-072.7959435,2407.0,190846101.0,-072.7887416,G5020,M,015,,,
4650.0,25015822607,+42.4054294,2416538.0,25,8226.07,2079015500728685,CT,S,+42.4061255,Census Tract 8226.07,27036.0,822607,-072.7959435,2407.0,190846101.0,-072.7887416,G5020,M,015,,,
6121.0,36117021000,+43.0938075,364507.0,36,210,20790108826323,CT,S,+43.0976750,Census Tract 210,1492.0,021000,-077.0479103,2668.0,199579046.0,-077.0482603,G5020,M,117,,,
4168.0,37117970200,+35.8201041,27836.0,37,9702,20790416018034,CT,S,+35.8202491,Census Tract 9702,43787.0,970200,-077.0756987,2062.0,51677903.0,-077.0745071,G5020,M,117,,,
5272.0,37117970500,+35.7797562,141178.0,37,9705,20790416017954,CT,S,+35.7806152,Census Tract 9705,42393.0,970500,-077.1102253,2454.0,263965975.0,-077.1055376,G5020,R,117,,,
4168.0,37117970200,+35.8201041,27836.0,37,9702,20790416018034,CT,S,+35.8202491,Census Tract 9702,43787.0,970200,-077.0756987,2062.0,51677903.0,-077.0745071,G5020,M,117,,,
3515.0,50017959200,+44.1094026,521688.0,50,9592,20790489680013,CT,S,+44.1109048,Census Tract 9592,54085.0,959200,-072.5413384,1533.0,104184199.0,-072.5415256,G5020,R,017,,,
4328.0,25027706100,+42.4837823,2404684.0,25,7061,20790515417558,CT,S,+42.4951109,Census Tract 7061,76060.0,706100,-072.0051350,1765.0,106330883.0,-072.0023392,G5020,M,027,,,
4953.0,36033952000,+44.9271507,62808.0,36,9520,2079015775889214,CT,S,+44.9227253,Census Tract 9520,475.0,952000,-074.1630102,2347.0,354571285.0,-074.1577761,G5020,R,033,,,
3331.0,45041001800,+33.9390878,825306.0,45,18,20790500640446,CT,S,+33.9396465,Census Tract 18,76376.0,001800,-079.5801638,1505.0,203209197.0,-079.5799293,G5020,R,041,,,
4083.0,27067780700,+45.1122206,0.0,27,7807,20790191161495,CT,S,+45.1122206,Census Tract 7807,58142.0,780700,-095.0810575,1674.0,12720809.0,-095.0810575,G5020,M,067,,,
5180.0,27067780500,+45.1424441,4714262.0,27,7805,20790191161491,CT,S,+45.1439612,Census Tract 7805,58218.0,780500,-095.0499373,2058.0,23638965.0,-095.0514205,G5020,M,067,,,
5238.0,27067780600,+45.1525341,24033911.0,27,7806,20790191161481,CT,S,+45.1459723,Census Tract 7806,58144.0,780600,-095.1316192,2086.0,294548468.0,-095.1331965,G5020,M,067,,,
3165.0,41049970200,+45.3532386,1225618.0,41,9702,20790207283925,CT,S,+45.3524471,Census Tract 9702,82409.0,970200,-119.5529948,1636.0,4462617793.0,-119.5528987,G5020,R,049,,,
2890.0,46019967600,+44.9180190,42647090.0,46,9676,20790216844757,CT,S,+44.8962264,Census Tract 9676,14551.0,967600,-103.4871969,1359.0,5559281892.0,-103.5014361,G5020,M,019,,,
4228.0,54073962200,+39.3386048,7699777.0,54,9622,20790766234334,CT,S,+39.3493719,Census Tract 9622,73609.0,962200,-081.2472696,1945.0,137670738.0,-081.2524253,G5020,R,073,,,
4158.0,12081002010,+27.3397244,2073835.0,12,20.10,20790352033538,CT,S,+27.3240598,Census Tract 20.10,6050.0,002010,-082.1582244,1555.0,570490923.0,-082.1762969,G5020,R,081,,,
3428.0,06029005514,+34.8799944,112927.0,06,55.14,2079015504612112,CT,S,+34.8801447,Census Tract 55.14,16124.0,005514,-118.3275873,1400.0,381519585.0,-118.3272928,G5020,M,029,,,
2745.0,41001950300,+44.5699088,5231275.0,41,9503,20790206509145,CT,S,+44.5605166,Census Tract 9503,48290.0,950300,-117.5649027,1313.0,1747508929.0,-117.5792357,G5020,M,001,,,
1735.0,48207950400,+33.2205373,303756.0,48,9504,20790712543380,CT,S,+33.2932315,Census Tract 9504,61531.0,950400,-099.8066245,1043.0,1367372941.0,-099.8584733,G5020,R,207,,,
3040.0,27013170300,+44.1869985,311581.0,27,1703,20790204788534,CT,S,+44.1887973,Census Tract 1703,26373.0,170300,-093.9929691,1367.0,8335565.0,-093.9921827,G5020,M,013,,,
3337.0,25021440102,+42.0051523,187520.0,25,4401.02,2079015677895690,CT,S,+42.0051263,Census Tract 4401.02,71858.0,440102,-071.3592822,1237.0,14261498.0,-071.3557930,G5020,M,021,,,
150.0,06037980014,+33.7825561,973764.0,06,9800.14,207903717302993,CT,S,+33.7824778,Census Tract 9800.14,67023.0,980014,-118.2383583,107.0,6480283.0,-118.2384201,G5020,U,037,,,
7477.0,25017331300,+42.5418098,130196.0,25,3313,20790260104768,CT,S,+42.5421191,Census Tract 3313,29696.0,331300,-071.1846762,2620.0,12913536.0,-071.1841949,G5020,U,017,,,
5064.0,26157000500,+43.4618859,7622434.0,26,5,2079061343767,CT,S,+43.4585302,Census Tract 5,16694.0,000500,-083.2463338,2310.0,242839914.0,-083.2443140,G5020,M,157,,,
4834.0,04019004114,+32.0166543,0.0,04,41.14,207903717433851,CT,S,+32.0166543,Census Tract 41.14,76708.0,004114,-110.9099028,1564.0,120111554.0,-110.9099028,G5020,M,019,,,
2701.0,13033950102,+33.1646645,3540625.0,13,9501.02,2079015482439711,CT,S,+33.1594912,Census Tract 9501.02,8698.0,950102,-081.8608638,1413.0,276185388.0,-081.8606935,G5020,R,033,,,
2278.0,01077010100,+34.7972546,2557253.0,01,101,20790113223153,CT,S,+34.7958382,Census Tract 101,84020.0,010100,-087.6569452,585.0,4979782.0,-087.6598801,G5020,M,077,,,
2719.0,37195001301,+35.8102877,97860.0,37,13.01,2079015503793350,CT,S,+35.8082579,Census Tract 13.01,9408.0,001301,-077.8844443,1266.0,42156623.0,-077.8839379,G5020,M,195,,,
3273.0,16053970100,+42.6734717,8902816.0,16,9701,20790349883482,CT,S,+42.6774188,Census Tract 9701,79998.0,970100,-114.1418072,1248.0,968997045.0,-114.1419080,G5020,R,053,,,
7142.0,09011870100,+41.6312679,2986571.0,09,8701,20790350078840,CT,S,+41.6329550,Census Tract 8701,74793.0,870100,-072.2401765,3147.0,140113258.0,-072.2400896,G5020,M,011,,,
6182.0,25027726100,+42.2472709,2843168.0,25,7261,20790515417573,CT,S,+42.2808441,Census Tract 7261,40935.0,726100,-071.9918434,2565.0,79621147.0,-072.0152926,G5020,M,027,,,
3383.0,37195000802,+35.6807959,186777.0,37,8.02,20790284495540,CT,S,+35.6792683,Census Tract 8.02,34372.0,000802,-077.8872803,1464.0,41900964.0,-077.8912968,G5020,M,195,,,
3995.0,37195001700,+35.6432939,27860.0,37,17,20790284495575,CT,S,+35.6433731,Census Tract 17,34340.0,001700,-078.0101385,1804.0,82021464.0,-078.0095261,G5020,R,195,,,
,,,,,,,,,,,,,,,,,,,,400 Client Error:  for url: https://geocoding.geo.census.gov/geocoder/geographies/coordinates?x=nan&y=35.78&benchmark=Public_AR_Census2020&vintage=Census2020_Census2020&format=json,35.78,
,,,,,,,,,,,,,,,,,,,,400 Client Error:  for url: https://geocoding.geo.census.gov/geocoder/geographies/coordinates?x=nan&y=35.7&benchmark=Public_AR_Census2020&vintage=Census2020_Census2020&format=json,35.7,
3383.0,37195000802,+35.6807959,186777.0,37,8.02,20790284495540,CT,S,+35.6792683,Census Tract 8.02,34372.0,000802,-077.8872803,1464.0,41900964.0,-077.8912968,G5020,M,195,,,
3383.0,37195000802,+35.6807959,186777.0,37,8.02,20790284495540,CT,S,+35.6792683,Census Tract 8.02,34372.0,000802,-077.8872803,1464.0,41900964.0,-077.8912968,G5020,M,195,,,
,,,,,,,,,,,,,,,,,,,,400 Client Error:  for url: https://geocoding.geo.census.gov/geocoder/geographies/coordinates?x=nan&y=35.75&benchmark=Public_AR_Census2020&vintage=Census2020_Census2020&format=json,35.75,
5330.0,19139050200,+41.5252383,8371464.0,19,502,2079063195522,CT,S,+41.5244908,Census Tract 502,44701.0,050200,-091.1190577,2273.0,288474623.0,-091.1180598,G5020,M,139,,,
1427.0,38015011500,+47.1458585,37445055.0,38,115,20790134180222,CT,S,+47.1495161,Census Tract 115,53441.0,011500,-100.4784681,734.0,2055734076.0,-100.4849319,G5020,R,015,,,
6326.0,34003012001,+40.8151320,820243.0,34,120.01,207903716995989,CT,S,+40.8149348,Census Tract 120.01,64073.0,012001,-074.0825927,3017.0,8675776.0,-074.0822348,G5020,U,003,,,
2063.0,12057013907,+27.7015909,1258332.0,12,139.07,20790382308827,CT,S,+27.7002411,Census Tract 139.07,34738.0,013907,-082.2202094,758.0,185372863.0,-082.2198482,G5020,R,057,,,
1941.0,25027702202,+42.6741331,822566.0,25,7022.02,2079015614085207,CT,S,+42.6810218,Census Tract 7022.02,24069.0,702202,-072.0919341,778.0,34123719.0,-072.0818453,G5020,M,027,,,
4789.0,25027701101,+42.6621790,1477366.0,25,7011.01,2079015614085794,CT,S,+42.6644143,Census Tract 7011.01,24070.0,701101,-072.0287402,1984.0,72975825.0,-072.0275490,G5020,M,027,,,
2478.0,48149970200,+29.9825307,5518161.0,48,9702,20790207010263,CT,S,+29.9799843,Census Tract 9702,77801.0,970200,-096.8951538,1319.0,332216517.0,-096.8900498,G5020,R,149,,,
1361.0,09005293100,+42.0015258,3551365.0,09,2931,20790347531568,CT,S,+42.0057973,Census Tract 2931,55328.0,293100,-073.0808590,694.0,81722366.0,-073.0641841,G5020,M,005,,,
2776.0,19001960100,+41.4204490,1124009.0,19,9601,20790328763043,CT,S,+41.4226701,Census Tract 9601,37072.0,960100,-094.4773809,1303.0,707919434.0,-094.4754745,G5020,R,001,,,
3982.0,42079215300,+41.1869911,5348342.0,42,2153,20790277158326,CT,S,+41.1800428,Census Tract 2153,54815.0,215300,-075.7365104,2016.0,234875015.0,-075.7367733,G5020,M,079,,,
2506.0,55061960200,+44.6151636,12150040.0,55,9602,20790131874093,CT,S,+44.6108741,Census Tract 9602,8753.0,960200,-087.5156035,1198.0,214813773.0,-087.5111126,G5020,R,061,,,
1589.0,27117460100,+44.1092169,934332.0,27,4601,20790249078160,CT,S,+44.1070383,Census Tract 4601,84342.0,460100,-096.2579636,690.0,607164967.0,-096.2587419,G5020,R,117,,,
2557.0,06029006012,+35.0284337,196833.0,06,60.12,2079015504612075,CT,S,+35.0288241,Census Tract 60.12,16434.0,006012,-118.4097006,1152.0,573538703.0,-118.4085856,G5020,M,029,,,
3249.0,27033270400,+43.8898847,4903803.0,27,2704,20790188927660,CT,S,+43.8935637,Census Tract 2704,42466.0,270400,-094.9853539,1339.0,189304443.0,-094.9926870,G5020,R,033,,,
3199.0,27033270300,+43.9358173,12510980.0,27,2703,20790188927655,CT,S,+43.9423068,Census Tract 2703,42465.0,270300,-095.2836987,1469.0,540771547.0,-095.2858141,G5020,R,033,,,
4163.0,37015960402,+35.9403262,58672492.0,37,9604.02,2079015483134013,CT,S,+35.9310996,Census Tract 9604.02,31366.0,960402,-076.8300410,1511.0,395313134.0,-076.8232424,G5020,R,015,,,
5154.0,06097153811,+38.5278326,0.0,06,1538.11,2079015493335243,CT,S,+38.5278326,Census Tract 1538.11,13181.0,153811,-122.8219570,1912.0,6917868.0,-122.8219570,G5020,M,097,,,
4163.0,37015960402,+35.9403262,58672492.0,37,9604.02,2079015483134013,CT,S,+35.9310996,Census Tract 9604.02,31366.0,960402,-076.8300410,1511.0,395313134.0,-076.8232424,G5020,R,015,,,
4163.0,37015960402,+35.9403262,58672492.0,37,9604.02,2079015483134013,CT,S,+35.9310996,Census Tract 9604.02,31366.0,960402,-076.8300410,1511.0,395313134.0,-076.8232424,G5020,R,015,,,
2557.0,06029006012,+35.0284337,196833.0,06,60.12,2079015504612075,CT,S,+35.0288241,Census Tract 60.12,16434.0,006012,-118.4097006,1152.0,573538703.0,-118.4085856,G5020,M,029,,,
3221.0,48009020300,+33.5254459,12206880.0,48,203,20790214126693,CT,S,+33.5235591,Census Tract 203,11608.0,020300,-098.5743006,1468.0,842214314.0,-098.5875742,G5020,R,009,,,
2693.0,19195690300,+43.3355255,122600.0,19,6903,20790180724583,CT,S,+43.3349828,Census Tract 6903,1157.0,690300,-093.1437192,1304.0,344375806.0,-093.1461544,G5020,R,195,,,
3116.0,53039950102,+45.9025848,117162.0,53,9501.02,2079015485170937,CT,S,+45.9023791,Census Tract 9501.02,24872.0,950102,-120.9022774,1535.0,676460620.0,-120.8920959,G5020,R,039,,,
3065.0,27161790300,+44.0475555,8581505.0,27,7903,20790282267162,CT,S,+44.0436421,Census Tract 7903,64469.0,790300,-093.5484652,1257.0,513906272.0,-093.5569938,G5020,M,161,,,
5329.0,54079020200,+38.6020689,2467996.0,54,202,20790959621831,CT,S,+38.5988403,Census Tract 202,81395.0,020200,-081.9243920,2459.0,131608278.0,-081.9262317,G5020,M,079,,,
4154.0,55139001600,+44.0748375,44169324.0,55,16,20790134699219,CT,S,+44.0887150,Census Tract 16,61438.0,001600,-088.4732055,1460.0,13138037.0,-088.4817090,G5020,M,139,,,
2534.0,19189680200,+43.3714940,371828.0,19,6802,20790177779595,CT,S,+43.3784903,Census Tract 6802,71771.0,680200,-093.8329935,1318.0,597158297.0,-093.8234032,G5020,R,189,,,
3936.0,17031800400,+42.1094226,3498338.0,17,8004,20790197960096,CT,S,+42.1116252,Census Tract 8004,45105.0,800400,-087.7240882,1368.0,2964651.0,-087.7290577,G5020,U,031,,,
2296.0,27169670801,+43.8874911,4131666.0,27,6708.01,2079015504098129,CT,S,+43.8815754,Census Tract 6708.01,75167.0,670801,-091.5434466,1015.0,297014933.0,-091.5418836,G5020,R,169,,,
3049.0,27169670102,+44.1077155,4235016.0,27,6701.02,2079015504098124,CT,S,+44.1162169,Census Tract 6701.02,75165.0,670102,-091.9414419,1271.0,414512690.0,-091.9415541,G5020,M,169,,,
3049.0,27169670102,+44.1077155,4235016.0,27,6701.02,2079015504098124,CT,S,+44.1162169,Census Tract 6701.02,75165.0,670102,-091.9414419,1271.0,414512690.0,-091.9415541,G5020,M,169,,,
3049.0,27169670102,+44.1077155,4235016.0,27,6701.02,2079015504098124,CT,S,+44.1162169,Census Tract 6701.02,75165.0,670102,-091.9414419,1271.0,414512690.0,-091.9415541,G5020,M,169,,,
3876.0,23011023001,+44.5574511,1174327.0,23,230.01,20790402727179,CT,S,+44.5604083,Census Tract 230.01,26578.0,023001,-069.6008066,1946.0,12582878.0,-069.5931700,G5020,M,011,,,
6101.0,12105012003,+28.0149495,599044.0,12,120.03,20790369674168,CT,S,+28.0105427,Census Tract 120.03,81896.0,012003,-081.9969245,3339.0,15729957.0,-081.9840511,G5020,U,105,,,
1753.0,55113100800,+45.7976706,20162735.0,55,1008,20790457613336,CT,S,+45.7923304,Census Tract 1008,32585.0,100800,-090.8885107,2272.0,1189071714.0,-090.8918637,G5020,R,113,,,
2696.0,27081201002,+44.2606067,11469590.0,27,2010.02,207903143921232,CT,S,+44.2607134,Census Tract 2010.02,53562.0,201002,-096.2721447,1427.0,407200169.0,-096.2721881,G5020,R,081,,,
5243.0,19121060200,+41.3278088,0.0,19,602,20790373385550,CT,S,+41.3278088,Census Tract 602,60031.0,060200,-094.0085156,2427.0,15365849.0,-094.0085156,G5020,M,121,,,
1869.0,27075370101,+47.7030800,481863261.0,27,3701.01,2079015510108356,CT,S,+47.7074835,Census Tract 3701.01,14422.0,370101,-091.4050499,2261.0,4534043517.0,-091.3990077,G5020,R,075,,,
2182.0,37091950201,+36.3079225,13629031.0,37,9502.01,2079015503737572,CT,S,+36.3048813,Census Tract 9502.01,44002.0,950201,-076.8224694,1175.0,235989278.0,-076.8205937,G5020,R,091,,,
1919.0,45043920701,+33.3120926,12518184.0,45,9207.01,2079015495385612,CT,S,+33.3167605,Census Tract 9207.01,50809.0,920701,-079.3313049,994.0,61493303.0,-079.3360395,G5020,M,043,,,
2433.0,19029190100,+41.4308573,1116939.0,19,1901,20790340049763,CT,S,+41.4324677,Census Tract 1901,76465.0,190100,-094.8963368,1143.0,573661958.0,-094.9039344,G5020,M,029,,,
3536.0,55141011100,+44.4600467,2342370.0,55,111,20790459794708,CT,S,+44.4635945,Census Tract 111,14228.0,011100,-089.8113881,1597.0,115934926.0,-089.8170938,G5020,M,141,,,
3536.0,55141011100,+44.4600467,2342370.0,55,111,20790459794708,CT,S,+44.4635945,Census Tract 111,14228.0,011100,-089.8113881,1597.0,115934926.0,-089.8170938,G5020,M,141,,,
4755.0,36003950300,+42.4663490,2013702.0,36,9503,20790114795489,CT,S,+42.4693329,Census Tract 9503,34714.0,950300,-078.1961100,1807.0,232017438.0,-078.1949069,G5020,R,003,,,
2973.0,06061020501,+38.8908304,96011.0,06,205.01,207903716797987,CT,S,+38.8879500,Census Tract 205.01,25281.0,020501,-121.1503325,1173.0,26798000.0,-121.1494678,G5020,M,061,,,
6317.0,48497150402,+33.0900930,3155116.0,48,1504.02,20790385535159,CT,S,+33.0895427,Census Tract 1504.02,44674.0,150402,-097.8334633,2662.0,323083252.0,-097.8404606,G5020,R,497,,,
2551.0,31039972700,+41.8825970,6287649.0,31,9727,20790599865156,CT,S,+41.8806232,Census Tract 9727,69556.0,972700,-096.9018764,1168.0,663832366.0,-096.8938250,G5020,R,039,,,
7892.0,55017010700,+44.9090578,12880334.0,55,107,20790619409092,CT,S,+44.9059634,Census Tract 107,58230.0,010700,-091.3171929,3478.0,90521846.0,-091.3171813,G5020,M,017,,,
2289.0,06025011901,+32.6958857,0.0,06,119.01,2079015504268589,CT,S,+32.6958857,Census Tract 119.01,24223.0,011901,-115.5677114,679.0,138562389.0,-115.5677114,G5020,M,025,,,
3499.0,06025010101,+33.1907912,954069.0,06,101.01,207903717080838,CT,S,+33.1874151,Census Tract 101.01,53719.0,010101,-115.4689709,161.0,379172003.0,-115.4628640,G5020,R,025,,,
1550.0,25017333601,+42.5089108,130322.0,25,3336.01,2079015682166868,CT,S,+42.5114241,Census Tract 3336.01,751.0,333601,-071.1356854,879.0,6254701.0,-071.1370059,G5020,U,017,,,
3975.0,21207960300,+36.9264376,51109554.0,21,9603,20790122420582,CT,S,+36.9147377,Census Tract 9603,38466.0,960300,-085.0685967,2538.0,131855553.0,-085.0768347,G5020,R,207,,,
2553.0,20031966100,+38.2367249,27753173.0,20,9661,20790175409570,CT,S,+38.2349476,Census Tract 9661,25420.0,966100,-095.6237158,1207.0,819006419.0,-095.6196254,G5020,R,031,,,
2553.0,20031966100,+38.2367249,27753173.0,20,9661,20790175409570,CT,S,+38.2349476,Census Tract 9661,25420.0,966100,-095.6237158,1207.0,819006419.0,-095.6196254,G5020,R,031,,,
3492.0,51191010101,+36.6803222,39756.0,51,101.01,2079015482436825,CT,S,+36.6784127,Census Tract 101.01,5092.0,010101,-082.0814158,1680.0,39062690.0,-082.0860312,G5020,M,191,,,
3644.0,48221160212,+32.3654714,5729322.0,48,1602.12,2079015489723283,CT,S,+32.3692452,Census Tract 1602.12,67361.0,160212,-097.7341073,1604.0,55737860.0,-097.7289002,G5020,M,221,,,
3644.0,48221160212,+32.3654714,5729322.0,48,1602.12,2079015489723283,CT,S,+32.3692452,Census Tract 1602.12,67361.0,160212,-097.7341073,1604.0,55737860.0,-097.7289002,G5020,M,221,,,
5036.0,48097000200,+33.7260567,5797336.0,48,2,20790172674783,CT,S,+33.7366472,Census Tract 2,33871.0,000200,-097.3496776,2231.0,628073094.0,-097.3545420,G5020,R,097,,,
4727.0,42015951200,+41.6280935,5224579.0,42,9512,20790213080703,CT,S,+41.6261036,Census Tract 9512,79605.0,951200,-076.3684737,2660.0,379640233.0,-076.3725254,G5020,R,015,,,
1211.0,48479001815,+27.5783911,5751888.0,48,18.15,207903717229689,CT,S,+27.5789118,Census Tract 18.15,65938.0,001815,-099.0159645,503.0,1324200711.0,-099.0101891,G5020,R,479,,,
2341.0,27105105300,+43.5449154,8937413.0,27,1053,20790290483869,CT,S,+43.5507804,Census Tract 1053,32070.0,105300,-095.7492797,1032.0,470457732.0,-095.7436822,G5020,R,105,,,
2520.0,17037000300,+41.9627597,465644.0,17,3,20790177681276,CT,S,+41.9592680,Census Tract 3,81525.0,000300,-088.8692505,1086.0,285571588.0,-088.8666313,G5020,R,037,,,
5419.0,06095252402,+38.2249636,252153.0,06,2524.02,20790692865203,CT,S,+38.2205759,Census Tract 2524.02,14716.0,252402,-122.0677176,1787.0,15039230.0,-122.0685278,G5020,M,095,,,
2931.0,27121970200,+45.6862275,28343541.0,27,9702,20790425932816,CT,S,+45.6828956,Census Tract 9702,73005.0,970200,-095.5048123,1485.0,215231648.0,-095.5033882,G5020,M,121,,,
2776.0,19001960100,+41.4204490,1124009.0,19,9601,20790328763043,CT,S,+41.4226701,Census Tract 9601,37072.0,960100,-094.4773809,1303.0,707919434.0,-094.4754745,G5020,R,001,,,
6780.0,16019970100,+43.3446619,83512389.0,16,9701,20790345865611,CT,S,+43.3668297,Census Tract 9701,50395.0,970100,-111.4363040,2727.0,3696939806.0,-111.4375628,G5020,M,019,,,
2047.0,27023950300,+44.9012190,1848501.0,27,9503,20790186177089,CT,S,+44.8974318,Census Tract 9503,64767.0,950300,-095.5657725,990.0,261108116.0,-095.5669269,G5020,M,023,,,
7879.0,06039001100,+36.9063375,3478842.0,06,11,2079015504369858,CT,S,+36.8946760,Census Tract 11,18375.0,001100,-120.2157312,2683.0,1015567573.0,-120.2283640,G5020,M,039,,,
3625.0,06029004500,+35.6479155,8434995.0,06,45,207901065264164,CT,S,+35.6497752,Census Tract 45,51623.0,004500,-119.7675649,934.0,2333803672.0,-119.7746623,G5020,R,029,,,
3625.0,06029004500,+35.6479155,8434995.0,06,45,207901065264164,CT,S,+35.6497752,Census Tract 45,51623.0,004500,-119.7675649,934.0,2333803672.0,-119.7746623,G5020,R,029,,,
3625.0,06029004500,+35.6479155,8434995.0,06,45,207901065264164,CT,S,+35.6497752,Census Tract 45,51623.0,004500,-119.7675649,934.0,2333803672.0,-119.7746623,G5020,R,029,,,
3625.0,06029004500,+35.6479155,8434995.0,06,45,207901065264164,CT,S,+35.6497752,Census Tract 45,51623.0,004500,-119.7675649,934.0,2333803672.0,-119.7746623,G5020,R,029,,,
3625.0,06029004500,+35.6479155,8434995.0,06,45,207901065264164,CT,S,+35.6497752,Census Tract 45,51623.0,004500,-119.7675649,934.0,2333803672.0,-119.7746623,G5020,R,029,,,
7879.0,06039001100,+36.9063375,3478842.0,06,11,2079015504369858,CT,S,+36.8946760,Census Tract 11,18375.0,001100,-120.2157312,2683.0,1015567573.0,-120.2283640,G5020,M,039,,,
3625.0,06029004500,+35.6479155,8434995.0,06,45,207901065264164,CT,S,+35.6497752,Census Tract 45,51623.0,004500,-119.7675649,934.0,2333803672.0,-119.7746623,G5020,R,029,,,
5037.0,55141011600,+44.2925605,4188672.0,55,116,20790459794719,CT,S,+44.2849618,Census Tract 116,14227.0,011600,-089.8088344,2271.0,128689802.0,-089.7980036,G5020,M,141,,,
2128.0,34009020500,+39.2283502,0.0,34,205,20790418828018,CT,S,+39.2283502,Census Tract 205,5507.0,020500,-074.8096207,999.0,20769946.0,-074.8096207,G5020,R,009,,,
84.0,34023980100,+40.5106013,1274625.0,34,9801,2079015682382090,CT,S,+40.5113987,Census Tract 9801,9875.0,980100,-074.3182181,32.0,4720182.0,-074.3184962,G5020,U,023,,,
13470.0,27163071019,+44.8805453,318436.0,27,710.19,2079015485646055,CT,S,+44.8822562,Census Tract 710.19,13370.0,071019,-092.9152281,4430.0,35318557.0,-092.9159997,G5020,M,163,,,
6182.0,25027726100,+42.2472709,2843168.0,25,7261,20790515417573,CT,S,+42.2808441,Census Tract 7261,40935.0,726100,-071.9918434,2565.0,79621147.0,-072.0152926,G5020,M,027,,,
4133.0,45047970601,+34.1547829,0.0,45,9706.01,2079015481981587,CT,S,+34.1547829,Census Tract 9706.01,5207.0,970601,-082.0955561,1744.0,51391343.0,-082.0955561,G5020,M,047,,,
5476.0,36047049302,+40.7068790,0.0,36,493.02,2079015785111972,CT,S,+40.7068790,Census Tract 493.02,35936.0,049302,-073.9411085,2370.0,160188.0,-073.9411085,G5020,U,047,,,
3035.0,06099000602,+37.6546407,0.0,06,6.02,20790156519241,CT,S,+37.6546407,Census Tract 6.02,15496.0,000602,-121.0306027,912.0,3915975.0,-121.0306027,G5020,U,099,,,
6854.0,25005632100,+41.8677305,416818.0,25,6321,20790406273356,CT,S,+41.8678153,Census Tract 6321,36998.0,632100,-071.3184866,2630.0,23949286.0,-071.3200774,G5020,M,005,,,
7643.0,06113011208,+38.6752807,766473.0,06,112.08,2079015504474714,CT,S,+38.6753320,Census Tract 112.08,2311.0,011208,-121.6988122,2489.0,173344358.0,-121.6910474,G5020,M,113,,,
2891.0,37061090102,+35.0994955,1434901.0,37,901.02,2079015501858531,CT,S,+35.0627152,Census Tract 901.02,9243.0,090102,-077.9398620,1438.0,158603928.0,-077.8919793,G5020,R,061,,,
4492.0,17089852001,+41.9591020,885795.0,17,8520.01,20790597774162,CT,S,+41.9627177,Census Tract 8520.01,80984.0,852001,-088.2894669,1829.0,18963313.0,-088.2836407,G5020,M,089,,,
1318.0,23029955400,+45.1783578,12358106.0,23,9554,20790288540734,CT,S,+45.1823250,Census Tract 9554,81480.0,955400,-067.4412880,784.0,96488532.0,-067.4416805,G5020,R,029,,,
2115.0,37131920202,+36.3070031,1100238.0,37,9202.02,2079015501456219,CT,S,+36.3486993,Census Tract 9202.02,52018.0,920202,-077.2924343,1371.0,235811562.0,-077.3558412,G5020,R,131,,,
3780.0,51093280200,+36.9358131,4082975.0,51,2802,20790243682256,CT,S,+36.9345847,Census Tract 2802,66192.0,280200,-076.7175479,1637.0,248027409.0,-076.7159281,G5020,R,093,,,
1414.0,17197883808,+41.4053248,0.0,17,8838.08,207903711048708,CT,S,+41.4053248,Census Tract 8838.08,83735.0,883808,-087.5785247,723.0,28099385.0,-087.5785247,G5020,M,197,,,
1414.0,17197883808,+41.4053248,0.0,17,8838.08,207903711048708,CT,S,+41.4053248,Census Tract 8838.08,83735.0,883808,-087.5785247,723.0,28099385.0,-087.5785247,G5020,M,197,,,
3555.0,06007002402,+39.5975988,20901656.0,06,24.02,2079015503274947,CT,S,+39.5954699,Census Tract 24.02,3811.0,002402,-121.2896152,2090.0,598850140.0,-121.2958394,G5020,R,007,,,
3390.0,37159051903,+35.7708496,339091.0,37,519.03,2079015483499247,CT,S,+35.7734389,Census Tract 519.03,14424.0,051903,-080.5931933,1506.0,98061069.0,-080.5955026,G5020,R,159,,,
1474.0,41035970400,+42.2924090,9436700.0,41,9704,20790528649191,CT,S,+42.2969060,Census Tract 9704,61308.0,970400,-121.5700066,674.0,557853929.0,-121.6229474,G5020,R,035,,,
7006.0,06029006202,+35.1766187,755424.0,06,62.02,207901065616609,CT,S,+35.1821665,Census Tract 62.02,53753.0,006202,-118.8832910,1635.0,374992924.0,-118.8856972,G5020,M,029,,,
1405.0,36105952300,+41.5836492,4029728.0,36,9523,20790737117234,CT,S,+41.5703102,Census Tract 9523,6912.0,952300,-074.9829657,1140.0,122256004.0,-074.9953042,G5020,R,105,,,
4266.0,09015902500,+41.8669950,647536.0,09,9025,20790344427944,CT,S,+41.8680405,Census Tract 9025,37931.0,902500,-071.9833996,1686.0,104451274.0,-071.9722603,G5020,R,015,,,
7389.0,39017015100,+39.4605075,426085.0,39,151,20790384944371,CT,S,+39.4596604,Census Tract 151,37598.0,015100,-084.4568771,2755.0,19590142.0,-084.4558654,G5020,M,017,,,
6374.0,37145920200,+36.4720871,18837808.0,37,9202,20790533411770,CT,S,+36.4670827,Census Tract 9202,11411.0,920200,-079.0398126,3442.0,285718153.0,-079.0443991,G5020,M,145,,,
1975.0,27117460500,+43.9353088,420450.0,27,4605,20790249078206,CT,S,+43.9311963,Census Tract 4605,84432.0,460500,-096.1316971,821.0,204662894.0,-096.1307006,G5020,R,117,,,
4043.0,39143961000,+41.4396519,322881.0,39,9610,20790367291978,CT,S,+41.4432293,Census Tract 9610,11850.0,961000,-083.3339495,1720.0,126774935.0,-083.3348218,G5020,R,143,,,
3757.0,48457950202,+30.7711007,2780574.0,48,9502.02,2079015486673962,CT,S,+30.7676649,Census Tract 9502.02,31776.0,950202,-094.4988078,2090.0,339666786.0,-094.4962899,G5020,R,457,,,
4821.0,48371950500,+30.6831197,171946.0,48,9505,20790362502464,CT,S,+30.6781932,Census Tract 9505,31676.0,950500,-102.8025090,1513.0,8817329748.0,-102.7986785,G5020,M,371,,,
4821.0,48371950500,+30.6831197,171946.0,48,9505,20790362502464,CT,S,+30.6781932,Census Tract 9505,31676.0,950500,-102.8025090,1513.0,8817329748.0,-102.7986785,G5020,M,371,,,
5672.0,06099000101,+37.8862217,8942771.0,06,1.01,20790156519220,CT,S,+37.8902978,Census Tract 1.01,13217.0,000101,-120.8303950,2180.0,429824904.0,-120.8321178,G5020,M,099,,,
4304.0,24045010704,+38.4287661,196883.0,24,107.04,2079015483570007,CT,S,+38.4325150,Census Tract 107.04,6793.0,010704,-075.6578809,1738.0,56619665.0,-075.6552307,G5020,M,045,,,
7444.0,25027732901,+42.2261274,58414.0,25,7329.01,20790515417557,CT,S,+42.2271679,Census Tract 7329.01,18812.0,732901,-071.7991684,3380.0,4930718.0,-071.7985635,G5020,U,027,,,
4926.0,26113960300,+44.2418705,850136.0,26,9603,20790303131932,CT,S,+44.2436591,Census Tract 9603,37005.0,960300,-085.2281377,2047.0,243009281.0,-085.2294957,G5020,R,113,,,
8129.0,48485013100,+33.9817683,105678.0,48,131,207903710438048,CT,S,+33.9817452,Census Tract 131,77343.0,013100,-098.5857012,1798.0,92623148.0,-098.5811817,G5020,M,485,,,
3524.0,37057061803,+35.7611898,192144.0,37,618.03,207903716995917,CT,S,+35.7624153,Census Tract 618.03,60371.0,061803,-080.2837098,1437.0,39322549.0,-080.2846798,G5020,M,057,,,
1375.0,37181960600,+36.3469192,39471.0,37,9606,20790164930130,CT,S,+36.3439027,Census Tract 9606,36258.0,960600,-078.3780353,621.0,7580124.0,-078.3729411,G5020,M,181,,,
4911.0,27105105400,+43.6526942,56588.0,27,1054,20790290483930,CT,S,+43.6532161,Census Tract 1054,32711.0,105400,-095.5734843,1525.0,25161264.0,-095.5803984,G5020,M,105,,,
4992.0,18055954900,+39.0841073,978870.0,18,9549,20790109856205,CT,S,+39.0896936,Census Tract 9549,52235.0,954900,-087.1046854,2235.0,281927528.0,-087.1055532,G5020,M,055,,,
4437.0,23001030200,+44.0257300,504379.0,23,302,20790167372385,CT,S,+44.0366878,Census Tract 302,74498.0,030200,-070.0537075,1982.0,21418031.0,-070.0587993,G5020,M,001,,,
2127.0,02275000300,+56.2928212,2384375227.0,02,3,2079053241158,CT,S,+56.1807793,Census Tract 3,83388.0,000300,-132.1296495,1273.0,6619997018.0,-132.0267878,G5020,R,275,,,
7584.0,27171100804,+45.2077113,6460820.0,27,1008.04,2079015489264893,CT,S,+45.2046091,Census Tract 1008.04,27713.0,100804,-093.7215911,2522.0,46869932.0,-093.7229670,G5020,M,171,,,
1547.0,27171100202,+45.2683809,6062236.0,27,1002.02,207903679604631,CT,S,+45.2655445,Census Tract 1002.02,21632.0,100202,-093.8235676,563.0,67023321.0,-093.8347508,G5020,R,171,,,
4732.0,06047002100,+36.9666821,69234375.0,06,21,207903717147634,CT,S,+36.9542373,Census Tract 21,55756.0,002100,-120.9730621,1530.0,1428106671.0,-120.9793353,G5020,R,047,,,
7584.0,27171100804,+45.2077113,6460820.0,27,1008.04,2079015489264893,CT,S,+45.2046091,Census Tract 1008.04,27713.0,100804,-093.7215911,2522.0,46869932.0,-093.7229670,G5020,M,171,,,
2318.0,50023954600,+44.2749256,183821.0,50,9546,20790487707797,CT,S,+44.2782772,Census Tract 9546,51800.0,954600,-072.5868451,1160.0,9027540.0,-072.5843729,G5020,M,023,,,
1870.0,41055950100,+45.4048342,19617472.0,41,9501,20790447594106,CT,S,+45.3992158,Census Tract 9501,30897.0,950100,-120.6894715,918.0,2133151635.0,-120.6785124,G5020,R,055,,,
4222.0,39175938000,+40.9196180,456367.0,39,9380,20790380197451,CT,S,+40.9140422,Census Tract 9380,6003.0,938000,-083.2228644,1845.0,310203015.0,-083.2308074,G5020,M,175,,,
3484.0,26163580700,+42.2059787,884267.0,26,5807,2079056212437,CT,S,+42.2058658,Census Tract 5807,13179.0,580700,-083.1490388,2009.0,1729442.0,-083.1492673,G5020,U,163,,,
5195.0,36047044300,+40.7033043,0.0,36,443,20790298072277,CT,S,+40.7033043,Census Tract 443,50165.0,044300,-073.9166863,2070.0,167769.0,-073.9166863,G5020,U,047,,,
4807.0,24035810500,+39.0060100,345666.0,24,8105,20790400216078,CT,S,+39.0035509,Census Tract 8105,57024.0,810500,-075.9809715,2056.0,209870543.0,-075.9837309,G5020,R,035,,,
7786.0,56005000200,+44.2524724,111078.0,56,2,20790234914578,CT,S,+44.2622761,Census Tract 2,28887.0,000200,-105.3991218,2999.0,89480687.0,-105.4045602,G5020,M,005,,,
5089.0,56005000300,+44.2797844,350766.0,56,3,20790234914604,CT,S,+44.2821673,Census Tract 3,28885.0,000300,-105.4399981,2268.0,25070675.0,-105.4382482,G5020,M,005,,,
5089.0,56005000300,+44.2797844,350766.0,56,3,20790234914604,CT,S,+44.2821673,Census Tract 3,28885.0,000300,-105.4399981,2268.0,25070675.0,-105.4382482,G5020,M,005,,,
11031.0,45091061009,+35.0356366,1468528.0,45,610.09,2079015503875935,CT,S,+35.0335518,Census Tract 610.09,2863.0,061009,-081.0063267,3995.0,11205626.0,-081.0070004,G5020,U,091,,,
1291.0,23025965302,+45.7345151,344156101.0,23,9653.02,207903710773789,CT,S,+45.7285825,Census Tract 9653.02,64069.0,965302,-070.0394618,3003.0,7333356785.0,-070.0777561,G5020,R,025,,,
2927.0,53027000401,+47.1921440,7366034.0,53,4.01,2079015482493447,CT,S,+47.1868202,Census Tract 4.01,50926.0,000401,-123.5827213,1244.0,623255356.0,-123.5797150,G5020,M,027,,,
1269.0,12086002800,+25.7996719,0.0,12,28,20790385027683,CT,S,+25.7996719,Census Tract 28,3920.0,002800,-080.1991100,820.0,889178.0,-080.1991100,G5020,U,086,,,
5089.0,56005000300,+44.2797844,350766.0,56,3,20790234914604,CT,S,+44.2821673,Census Tract 3,28885.0,000300,-105.4399981,2268.0,25070675.0,-105.4382482,G5020,M,005,,,
5122.0,27025110403,+45.3236023,2250981.0,27,1104.03,2079015482053712,CT,S,+45.3238115,Census Tract 1104.03,5694.0,110403,-092.9449108,1766.0,34382129.0,-092.9447820,G5020,M,025,,,
3209.0,37103920300,+35.0879707,841173.0,37,9203,2079047494839,CT,S,+35.0932320,Census Tract 9203,59307.0,920300,-077.5103043,1590.0,452320368.0,-077.5065297,G5020,R,103,,,
9.0,37063980100,+35.9045179,188875.0,37,9801,207903717627449,CT,S,+35.9038564,Census Tract 9801,74219.0,980100,-078.8689313,4.0,20979631.0,-078.8659073,G5020,U,063,,,
5537.0,08001008401,+39.8690278,3673373.0,08,84.01,20790700477765,CT,S,+39.8695550,Census Tract 84.01,54399.0,008401,-104.5129247,1963.0,497963981.0,-104.5174306,G5020,R,001,,,
5537.0,08001008401,+39.8690278,3673373.0,08,84.01,20790700477765,CT,S,+39.8695550,Census Tract 84.01,54399.0,008401,-104.5129247,1963.0,497963981.0,-104.5174306,G5020,R,001,,,
2147.0,06037121221,+34.2276175,0.0,06,1212.21,207903717304686,CT,S,+34.2276175,Census Tract 1212.21,68698.0,121221,-118.3955625,536.0,504267.0,-118.3955625,G5020,U,037,,,
4006.0,06085502704,+37.2550203,0.0,06,5027.04,2079015678654415,CT,S,+37.2550203,Census Tract 5027.04,29262.0,502704,-121.9400151,1481.0,1631370.0,-121.9400151,G5020,U,085,,,
2152.0,13021013900,+32.7896294,2241609.0,13,139,207903716858386,CT,S,+32.7865797,Census Tract 139,58597.0,013900,-083.5929263,970.0,96058773.0,-083.5967893,G5020,M,021,,,
3831.0,72151951300,+18.0412230,4062827.0,72,9513,20790133841203,CT,S,+18.0408919,Census Tract 9513,62212.0,951300,-065.8502005,1835.0,25855828.0,-065.8492333,G5020,M,151,,,
4451.0,37197050200,+36.2164245,1189652.0,37,502,20790336382786,CT,S,+36.2167118,Census Tract 502,15985.0,050200,-080.7157514,2076.0,113633473.0,-080.7172905,G5020,R,197,,,
3669.0,37197050504,+36.1336949,442532.0,37,505.04,2079015487800525,CT,S,+36.1336258,Census Tract 505.04,11016.0,050504,-080.6341780,1567.0,48656681.0,-080.6337373,G5020,R,197,,,
4156.0,16083001600,+42.3089875,9856292.0,16,16,2079015482174221,CT,S,+42.3062429,Census Tract 16,6686.0,001600,-114.6750633,1553.0,4059030933.0,-114.6702624,G5020,R,083,,,
2056.0,06085504602,+37.4387861,5655714.0,06,5046.02,20790154319154,CT,S,+37.4495304,Census Tract 5046.02,40063.0,504602,-121.9917273,616.0,58172196.0,-121.9940964,G5020,M,085,,,
662.0,02282000100,+59.8686862,3986124692.0,02,1,2079053292447,CT,S,+60.0174528,Census Tract 1,34341.0,000100,-140.3490980,441.0,19744203659.0,-140.4169420,G5020,R,282,,,
5606.0,53011040101,+45.9228542,16621408.0,53,401.01,20790231900509,CT,S,+45.9208027,Census Tract 401.01,17176.0,040101,-122.3597113,1836.0,333648925.0,-122.3647640,G5020,R,011,,,
3458.0,09011690800,+41.3397091,0.0,09,6908,20790350078962,CT,S,+41.3397091,Census Tract 6908,75893.0,690800,-072.1068706,1480.0,1237563.0,-072.1068706,G5020,U,011,,,
4453.0,36089490600,+44.8320285,2599602.0,36,4906,20790698127986,CT,S,+44.8378883,Census Tract 4906,53986.0,490600,-074.9467737,2073.0,146955090.0,-074.9357399,G5020,M,089,,,
6643.0,41071030501,+45.1804549,160368.0,41,305.01,20790450156284,CT,S,+45.1878958,Census Tract 305.01,84650.0,030501,-123.3803331,1857.0,316410234.0,-123.3841287,G5020,M,071,,,
5517.0,37033930200,+36.4197429,2069197.0,37,9302,20790308398401,CT,S,+36.4264895,Census Tract 9302,22998.0,930200,-079.3307895,2138.0,236371524.0,-079.3169707,G5020,R,033,,,
5517.0,37033930200,+36.4197429,2069197.0,37,9302,20790308398401,CT,S,+36.4264895,Census Tract 9302,22998.0,930200,-079.3307895,2138.0,236371524.0,-079.3169707,G5020,R,033,,,
5517.0,37033930200,+36.4197429,2069197.0,37,9302,20790308398401,CT,S,+36.4264895,Census Tract 9302,22998.0,930200,-079.3307895,2138.0,236371524.0,-079.3169707,G5020,R,033,,,
7996.0,39113040406,+39.5981634,5738.0,39,404.06,207903714739641,CT,S,+39.5956579,Census Tract 404.06,30505.0,040406,-084.1851559,3156.0,13914823.0,-084.1819779,G5020,U,113,,,
5723.0,46135966200,+42.8966277,3136434.0,46,9662,20790214523690,CT,S,+42.8958958,Census Tract 9662,34241.0,966200,-097.3469689,2690.0,54347405.0,-097.3449706,G5020,M,135,,,
5715.0,34041031101,+41.0003258,5166326.0,34,311.01,20790702327224,CT,S,+41.0020145,Census Tract 311.01,1927.0,031101,-075.0142506,2251.0,131068988.0,-075.0026367,G5020,R,041,,,
6287.0,34021003001,+40.1693600,176740.0,34,30.01,20790294340569,CT,S,+40.1676250,Census Tract 30.01,27833.0,003001,-074.6309326,2406.0,26068847.0,-074.6372353,G5020,M,021,,,
1957.0,13077170101,+33.4626404,616158.0,13,1701.01,2079015497344458,CT,S,+33.4664187,Census Tract 1701.01,3072.0,170101,-084.8690935,758.0,50910419.0,-084.8584275,G5020,R,077,,,
4757.0,01051030402,+32.5772130,3774263.0,01,304.02,2079015481957140,CT,S,+32.5783611,Census Tract 304.02,16812.0,030402,-085.9324680,2070.0,78074370.0,-085.9339932,G5020,R,051,,,
2791.0,72153750201,+18.1011694,1273589.0,72,7502.01,20790593475492,CT,S,+18.0904386,Census Tract 7502.01,26973.0,750201,-066.8935929,1316.0,49692184.0,-066.8923187,G5020,M,153,,,
3653.0,28163950500,+32.8428807,393785.0,28,9505,20790120159279,CT,S,+32.8430768,Census Tract 9505,43407.0,950500,-090.4261718,1806.0,9556100.0,-090.4263664,G5020,M,163,,,
1421.0,48035950200,+31.9231296,219103.0,48,9502,20790236330987,CT,S,+31.9233920,Census Tract 9502,46106.0,950200,-097.6578635,628.0,9128718.0,-097.6576993,G5020,R,035,,,
3168.0,36069050204,+42.9953815,0.0,36,502.04,2079015681707975,CT,S,+42.9953815,Census Tract 502.04,10223.0,050204,-077.2981085,1254.0,79661922.0,-077.2981085,G5020,R,069,,,
3168.0,36069050204,+42.9953815,0.0,36,502.04,2079015681707975,CT,S,+42.9953815,Census Tract 502.04,10223.0,050204,-077.2981085,1254.0,79661922.0,-077.2981085,G5020,R,069,,,
3168.0,36069050204,+42.9953815,0.0,36,502.04,2079015681707975,CT,S,+42.9953815,Census Tract 502.04,10223.0,050204,-077.2981085,1254.0,79661922.0,-077.2981085,G5020,R,069,,,
1828.0,32003005876,+35.8721842,0.0,32,58.76,2079015682110234,CT,S,+35.8721842,Census Tract 58.76,6988.0,005876,-115.5831349,900.0,1002003980.0,-115.5831349,G5020,R,003,,,
4046.0,39141955603,+39.4657662,264603.0,39,9556.03,20790366720361,CT,S,+39.4731834,Census Tract 9556.03,31967.0,955603,-083.1311623,1591.0,218214607.0,-083.1355281,G5020,M,141,,,
4418.0,30111000800,+45.8184748,1268720.0,30,8,20790687180155,CT,S,+45.8286793,Census Tract 8,30092.0,000800,-108.4207202,1844.0,19853863.0,-108.4169538,G5020,M,111,,,
1431.0,30003940500,+45.3620839,24224833.0,30,9405,207901437923045,CT,S,+45.3587316,Census Tract 9405,41970.0,940500,-108.0600014,638.0,3864128174.0,-108.0560433,G5020,R,003,,,
7089.0,53067012422,+46.9615441,183241.0,53,124.22,2079015483545060,CT,S,+46.9630911,Census Tract 124.22,36896.0,012422,-122.6049224,2387.0,11342165.0,-122.6049433,G5020,M,067,,,
2270.0,45049920300,+32.7211570,571603.0,45,9203,20790230227518,CT,S,+32.7272455,Census Tract 9203,19478.0,920300,-080.9162655,1141.0,192678341.0,-080.9156866,G5020,R,049,,,
7643.0,06113011208,+38.6752807,766473.0,06,112.08,2079015504474714,CT,S,+38.6753320,Census Tract 112.08,2311.0,011208,-121.6988122,2489.0,173344358.0,-121.6910474,G5020,M,113,,,
4164.0,45073030100,+34.8211080,4458464.0,45,301,20790719909503,CT,S,+34.8169487,Census Tract 301,75885.0,030100,-083.1771249,2599.0,549527870.0,-083.1735571,G5020,R,073,,,
6497.0,06059021831,+33.9127436,11694.0,06,218.31,2079015682168015,CT,S,+33.9124563,Census Tract 218.31,29437.0,021831,-117.8357166,2505.0,5169800.0,-117.8357565,G5020,M,059,,,
4970.0,42133021100,+40.0159778,60634.0,42,211,20790318191306,CT,S,+40.0158402,Census Tract 211,48450.0,021100,-076.7299373,2114.0,12463091.0,-076.7299957,G5020,U,133,,,
5673.0,42133024001,+39.7476777,1414584.0,42,240.01,207903716976326,CT,S,+39.7492433,Census Tract 240.01,26717.0,024001,-076.3310083,2366.0,76342777.0,-076.3256727,G5020,R,133,,,
6629.0,42133020910,+40.1168197,403836.0,42,209.10,20790318190978,CT,S,+40.1148306,Census Tract 209.10,50052.0,020910,-076.7432506,2637.0,22166989.0,-076.7440017,G5020,M,133,,,
3081.0,37045950603,+35.1908774,534043.0,37,9506.03,2079015503698188,CT,S,+35.1943597,Census Tract 9506.03,31533.0,950603,-081.3785123,1329.0,50800283.0,-081.3766656,G5020,M,045,,,
3652.0,51199050401,+37.2160978,19022339.0,51,504.01,20790695918242,CT,S,+37.2149860,Census Tract 504.01,46921.0,050401,-076.4393281,1492.0,16695768.0,-076.4395360,G5020,M,199,,,
2190.0,42111021902,+39.7768014,4953036.0,42,219.02,207903716477414,CT,S,+39.7793887,Census Tract 219.02,49389.0,021902,-079.2908055,1546.0,175788592.0,-079.2867634,G5020,R,111,,,
3277.0,48503950402,+33.1047989,33564308.0,48,9504.02,2079015504202923,CT,S,+33.1073017,Census Tract 9504.02,24760.0,950402,-098.7558970,1800.0,1272009559.0,-098.7591382,G5020,M,503,,,
3813.0,53061053801,+47.8874467,5365698.0,53,538.01,20790922003764,CT,S,+47.8728737,Census Tract 538.01,35349.0,053801,-121.4405851,2000.0,1135920117.0,-121.4464055,G5020,R,061,,,
6325.0,06101050501,+39.1343016,0.0,06,505.01,20790358216500,CT,S,+39.1343016,Census Tract 505.01,55738.0,050501,-121.6664514,2000.0,8752810.0,-121.6664514,G5020,M,101,,,
6325.0,06101050501,+39.1343016,0.0,06,505.01,20790358216500,CT,S,+39.1343016,Census Tract 505.01,55738.0,050501,-121.6664514,2000.0,8752810.0,-121.6664514,G5020,M,101,,,
1612.0,04027011000,+32.6738791,875964.0,04,110,207901277728666,CT,S,+32.6737450,Census Tract 110,53864.0,011000,-114.7143283,1037.0,68606226.0,-114.7159650,G5020,M,027,,,
2922.0,04027000301,+32.7280452,141941.0,04,3.01,207901277708029,CT,S,+32.7270014,Census Tract 3.01,53784.0,000301,-114.6496270,1118.0,3313611.0,-114.6493156,G5020,M,027,,,
2557.0,06029006012,+35.0284337,196833.0,06,60.12,2079015504612075,CT,S,+35.0288241,Census Tract 60.12,16434.0,006012,-118.4097006,1152.0,573538703.0,-118.4085856,G5020,M,029,,,
4975.0,25027761100,+42.2001646,267202.0,25,7611,20790515417560,CT,S,+42.1996041,Census Tract 7611,21907.0,761100,-072.2006152,2197.0,71311785.0,-072.2000063,G5020,R,027,,,
6281.0,25013813602,+42.1121833,76511.0,25,8136.02,20790249218197,CT,S,+42.1123929,Census Tract 8136.02,36503.0,813602,-072.4253645,2344.0,30863484.0,-072.4301115,G5020,M,013,,,
4538.0,25027757500,+42.0512817,1383205.0,25,7575,20790515417619,CT,S,+42.0488047,Census Tract 7575,52533.0,757500,-072.0333832,1979.0,38870417.0,-072.0300847,G5020,M,027,,,
8441.0,25027713100,+42.4816996,1336278.0,25,7131,20790515417565,CT,S,+42.4835693,Census Tract 7131,40934.0,713100,-071.6808315,2788.0,71143965.0,-071.6755848,G5020,M,027,,,
6182.0,25027726100,+42.2472709,2843168.0,25,7261,20790515417573,CT,S,+42.2808441,Census Tract 7261,40935.0,726100,-071.9918434,2565.0,79621147.0,-072.0152926,G5020,M,027,,,
3283.0,37155960301,+34.8131318,53513.0,37,9603.01,2079015483576573,CT,S,+34.8128109,Census Tract 9603.01,5878.0,960301,-079.2042160,1505.0,25820565.0,-079.2098707,G5020,R,155,,,
3283.0,37155960301,+34.8131318,53513.0,37,9603.01,2079015483576573,CT,S,+34.8128109,Census Tract 9603.01,5878.0,960301,-079.2042160,1505.0,25820565.0,-079.2098707,G5020,R,155,,,
3283.0,37155960301,+34.8131318,53513.0,37,9603.01,2079015483576573,CT,S,+34.8128109,Census Tract 9603.01,5878.0,960301,-079.2042160,1505.0,25820565.0,-079.2098707,G5020,R,155,,,
2567.0,48505950402,+27.0050172,128438936.0,48,9504.02,2079015486683910,CT,S,+26.9969806,Census Tract 9504.02,24993.0,950402,-099.1654691,1172.0,2522581406.0,-099.1826027,G5020,M,505,,,
4792.0,26139022206,+42.8135915,90851.0,26,222.06,207903706762608,CT,S,+42.8134511,Census Tract 222.06,56566.0,022206,-086.0580501,1879.0,9261820.0,-086.0573875,G5020,U,139,,,
5175.0,26139021903,+42.8253946,76825.0,26,219.03,2079015503953341,CT,S,+42.8252076,Census Tract 219.03,4382.0,021903,-085.9881590,1874.0,15709336.0,-085.9860725,G5020,M,139,,,
6336.0,26139022900,+42.8166816,12464.0,26,229,20790195230245,CT,S,+42.8169143,Census Tract 229,43962.0,022900,-086.0156418,2416.0,8924731.0,-086.0169695,G5020,U,139,,,
7.0,36081010701,+40.7859989,1367482.0,36,107.01,20790307896788,CT,S,+40.7852880,Census Tract 107.01,2018.0,010701,-073.9007671,2.0,1600761.0,-073.9056759,G5020,U,081,,,
7013.0,39063000302,+41.1086770,422231.0,39,3.02,2079015503048341,CT,S,+41.1022715,Census Tract 3.02,58847.0,000302,-083.7412322,2705.0,275299053.0,-083.7363847,G5020,M,063,,,
7013.0,39063000302,+41.1086770,422231.0,39,3.02,2079015503048341,CT,S,+41.1022715,Census Tract 3.02,58847.0,000302,-083.7412322,2705.0,275299053.0,-083.7363847,G5020,M,063,,,
2056.0,06085504602,+37.4387861,5655714.0,06,5046.02,20790154319154,CT,S,+37.4495304,Census Tract 5046.02,40063.0,504602,-121.9917273,616.0,58172196.0,-121.9940964,G5020,M,085,,,
5241.0,18099020800,+41.2232221,564821.0,18,208,20790136428501,CT,S,+41.2202749,Census Tract 208,4186.0,020800,-086.2014314,2068.0,276046846.0,-086.2024317,G5020,R,099,,,
6842.0,17097866000,+42.4545095,1339356.0,17,8660,207903716896199,CT,S,+42.4561668,Census Tract 8660,47342.0,866000,-087.9437247,2557.0,85823582.0,-087.9443246,G5020,M,097,,,
3787.0,37033930300,+36.5061365,219117.0,37,9303,20790308398493,CT,S,+36.4986396,Census Tract 9303,23000.0,930300,-079.4382209,1876.0,117501038.0,-079.4247909,G5020,M,033,,,
5796.0,27049080900,+44.3249498,175246.0,27,809,20790255532055,CT,S,+44.3227998,Census Tract 809,67359.0,080900,-092.6739087,2460.0,195745138.0,-092.6828840,G5020,R,049,,,
6526.0,27039950500,+44.0256028,1275.0,27,9505,20790192416762,CT,S,+44.0268835,Census Tract 9505,80356.0,950500,-092.7449597,2570.0,20440077.0,-092.7421664,G5020,M,039,,,
3155.0,72029100101,+18.3982022,0.0,72,1001.01,2079082986223,CT,S,+18.3982022,Census Tract 1001.01,82794.0,100101,-065.8807372,1442.0,4764507.0,-065.8807372,G5020,M,029,,,
3155.0,72029100101,+18.3982022,0.0,72,1001.01,2079082986223,CT,S,+18.3982022,Census Tract 1001.01,82794.0,100101,-065.8807372,1442.0,4764507.0,-065.8807372,G5020,M,029,,,
2696.0,55087011700,+44.2727967,104291.0,55,117,20790155537640,CT,S,+44.2731773,Census Tract 117,18996.0,011700,-088.3304469,1167.0,1673645.0,-088.3313047,G5020,U,087,,,
,,,,,,,,,,,,,,,,,,,,400 Client Error:  for url: https://geocoding.geo.census.gov/geocoder/geographies/coordinates?x=-85.034&y=nan&benchmark=Public_AR_Census2020&vintage=Census2020_Census2020&format=json,,-85.034
3593.0,17021958200,+39.5890367,9729338.0,17,9582,20790146478884,CT,S,+39.5867615,Census Tract 9582,83424.0,958200,-089.4345320,1743.0,230512165.0,-089.4347270,G5020,M,021,,,
1223.0,36085022602,+40.5400671,2111712.0,36,226.02,2079015664563295,CT,S,+40.5395224,Census Tract 226.02,68365.0,022602,-074.2339662,507.0,6278738.0,-074.2308266,G5020,U,085,,,
3155.0,38017040600,+46.7103730,271931.0,38,406,20790288687106,CT,S,+46.7120804,Census Tract 406,22110.0,040600,-097.0764587,1236.0,658299727.0,-097.0848879,G5020,R,017,,,
2898.0,51097950500,+37.5722768,20785717.0,51,9505,20790248622114,CT,S,+37.5706280,Census Tract 9505,26613.0,950500,-076.7394097,1544.0,267672847.0,-076.7395838,G5020,R,097,,,
4117.0,06053011305,+36.2485993,4614641.0,06,113.05,2079015682285402,CT,S,+36.2460790,Census Tract 113.05,16351.0,011305,-121.0098107,1042.0,543938750.0,-121.0176253,G5020,M,053,,,
4117.0,06053011305,+36.2485993,4614641.0,06,113.05,2079015682285402,CT,S,+36.2460790,Census Tract 113.05,16351.0,011305,-121.0098107,1042.0,543938750.0,-121.0176253,G5020,M,053,,,
3420.0,02013000100,+55.2287064,20799851130.0,02,1,2079045279908,CT,S,+55.5139021,Census Tract 1,59303.0,000100,-161.9862284,679.0,18091672533.0,-161.7288604,G5020,R,013,,,
1440.0,48447950300,+33.1773997,7586186.0,48,9503,20790373799667,CT,S,+33.1706954,Census Tract 9503,61164.0,950300,-099.2123671,964.0,2363499444.0,-099.2057960,G5020,R,447,,,
1440.0,48447950300,+33.1773997,7586186.0,48,9503,20790373799667,CT,S,+33.1706954,Census Tract 9503,61164.0,950300,-099.2123671,964.0,2363499444.0,-099.2057960,G5020,R,447,,,
1105.0,13245000300,+33.4815299,169420.0,13,3,20790389383540,CT,S,+33.4812657,Census Tract 3,61664.0,000300,-081.9908551,607.0,1626335.0,-081.9904179,G5020,U,245,,,
2219.0,48461950200,+31.3324973,161.0,48,9502,20790706459568,CT,S,+31.3459930,Census Tract 9502,48533.0,950200,-102.2134741,1029.0,1068357009.0,-102.2078283,G5020,R,461,,,
3574.0,40047001100,+36.5136255,1905317.0,40,11,20790206066635,CT,S,+36.5136413,Census Tract 11,31954.0,001100,-097.7502111,1542.0,972877962.0,-097.7560915,G5020,R,047,,,
3428.0,06029005514,+34.8799944,112927.0,06,55.14,2079015504612112,CT,S,+34.8801447,Census Tract 55.14,16124.0,005514,-118.3275873,1400.0,381519585.0,-118.3272928,G5020,M,029,,,
3428.0,06029005514,+34.8799944,112927.0,06,55.14,2079015504612112,CT,S,+34.8801447,Census Tract 55.14,16124.0,005514,-118.3275873,1400.0,381519585.0,-118.3272928,G5020,M,029,,,
4439.0,50019951700,+44.7528207,3479954.0,50,9517,20790490599071,CT,S,+44.7631241,Census Tract 9517,71456.0,951700,-072.3765746,2268.0,450798747.0,-072.3752439,G5020,R,019,,,
5914.0,40073958300,+35.8502951,639341.0,40,9583,20790722549904,CT,S,+35.8509698,Census Tract 9583,5848.0,958300,-097.9160508,2431.0,84610226.0,-097.9169638,G5020,R,073,,,
2771.0,40073958400,+35.7747528,5648657.0,40,9584,20790722549902,CT,S,+35.7752470,Census Tract 9584,5849.0,958400,-097.9037366,1171.0,477051548.0,-097.8998560,G5020,R,073,,,
